Count,Name,Position X,Position Y,Position Z,Rotation
1,AGI32-IDcx4qny-Project_1-LUMINAIRE-C1_Symbol,180.0000,1428.0000,216.0000,90
1,AGI32-IDcx4qny-Project_1-LUMINAIRE-C1_Symbol,324.0000,1428.0000,216.0000,90
1,AGI32-IDcx4qny-Project_1-LUMINAIRE-C1_Symbol,612.0000,1572.0000,216.0000,90
1,AGI32-IDcx4qny-Project_1-LUMINAIRE-C1_Symbol,36.0000,1428.0000,216.0000,90
1,AGI32-IDcx4qny-Project_1-LUMINAIRE-C1_Symbol,468.0000,1428.0000,216.0000,90
1,AGI32-IDcx4qny-Project_1-LUMINAIRE-VF_Symbol,828.0000,1853.7120,120.0000,90
1,AGI32-IDcx4qny-Project_1-LUMINAIRE-ZG_Symbol,1836.0000,2472.0000,120.0000,90
1,AGI32-IDcx4qny-Project_1-LUMINAIRE-C1_Symbol,612.0000,1428.0000,216.0000,90
1,AGI32-IDcx4qny-Project_1-LUMINAIRE-VF_Symbol,708.0000,1853.7120,120.0000,90
1,AGI32-IDcx4qny-Project_1-LUMINAIRE-C1_Symbol,324.0000,1716.0000,216.0000,90
1,AGI32-IDcx4qny-Project_1-LUMINAIRE-C1_Symbol,468.0000,1716.0000,216.0000,90
1,AGI32-IDcx4qny-Project_1-LUMINAIRE-C1_Symbol,36.0000,1716.0000,216.0000,90
1,AGI32-IDcx4qny-Project_1-LUMINAIRE-C1_Symbol,180.0000,1716.0000,216.0000,90
1,AGI32-IDcx4qny-Project_1-LUMINAIRE-C1_Symbol,612.0000,1716.0000,216.0000,90
1,AGI32-IDcx4qny-Project_1-LUMINAIRE-C1_Symbol,324.0000,1572.0000,216.0000,90
1,AGI32-IDcx4qny-Project_1-LUMINAIRE-C1_Symbol,468.0000,1572.0000,216.0000,90
1,AGI32-IDcx4qny-Project_1-LUMINAIRE-C1_Symbol,36.0000,1572.0000,216.0000,90
1,AGI32-IDcx4qny-Project_1-LUMINAIRE-C1_Symbol,180.0000,1572.0000,216.0000,90
1,AGI32-IDcx4qny-Project_1-LUMINAIRE-ZG_Symbol,1836.0000,1896.0000,120.0000,90
1,AGI32-IDcx4qny-Project_1-LUMINAIRE-ZG_Symbol,1908.0000,1896.0000,120.0000,90
1,AGI32-IDcx4qny-Project_1-LUMINAIRE-ZG_Symbol,1836.0000,1992.0000,120.0000,90
1,AGI32-IDcx4qny-Project_1-LUMINAIRE-ZG_Symbol,1908.0000,1992.0000,120.0000,90
1,AGI32-IDcx4qny-Project_1-LUMINAIRE-ZG_Symbol,1980.0000,1944.0000,120.0000,90
1,AGI32-IDcx4qny-Project_1-LUMINAIRE-ZG_Symbol,1836.0000,1800.0000,120.0000,90
1,AGI32-IDcx4qny-Project_1-LUMINAIRE-ZG_Symbol,1908.0000,1800.0000,120.0000,90
1,AGI32-IDcx4qny-Project_1-LUMINAIRE-ZG_Symbol,2052.0000,1944.0000,120.0000,90
1,AGI32-IDcx4qny-Project_1-LUMINAIRE-ZG_Symbol,2124.0000,1944.0000,120.0000,90
1,AGI32-IDcx4qny-Project_1-LUMINAIRE-ZG_Symbol,1908.0000,2376.0000,120.0000,90
1,AGI32-IDcx4qny-Project_1-LUMINAIRE-ZG_Symbol,1836.0000,2280.0000,120.0000,90
1,AGI32-IDcx4qny-Project_1-LUMINAIRE-ZG_Symbol,1908.0000,2472.0000,120.0000,90
1,AGI32-IDcx4qny-Project_1-LUMINAIRE-ZG_Symbol,1836.0000,2376.0000,120.0000,90
1,AGI32-IDcx4qny-Project_1-LUMINAIRE-ZG_Symbol,1908.0000,2280.0000,120.0000,90
1,AGI32-IDcx4qny-Project_1-LUMINAIRE-ZG_Symbol,1836.0000,2088.0000,120.0000,90
1,AGI32-IDcx4qny-Project_1-LUMINAIRE-ZG_Symbol,1908.0000,2088.0000,120.0000,90
1,AGI32-IDcx4qny-Project_1-LUMINAIRE-ZG_Symbol,1836.0000,2184.0000,120.0000,90
1,AGI32-IDcx4qny-Project_1-LUMINAIRE-ZG_Symbol,1908.0000,2184.0000,120.0000,90
1,AGI32-IDcx4qny-Project_1-LUMINAIRE-C1_Symbol,612.0000,1860.0000,216.0000,90
1,AGI32-IDcx4qny-Project_1-LUMINAIRE-VF_Symbol,4536.0000,2820.0000,120.0000,0
1,AGI32-IDcx4qny-Project_1-LUMINAIRE-VF_Symbol,4656.0000,2820.0000,120.0000,0
1,AGI32-IDcx4qny-Project_1-LUMINAIRE-VF_Symbol,4296.0000,2820.0000,120.0000,0
1,AGI32-IDcx4qny-Project_1-LUMINAIRE-VF_Symbol,4416.0000,2820.0000,120.0000,0
1,AGI32-IDcx4qny-Project_1-LUMINAIRE-VF_Symbol,3660.0000,3252.0000,120.0000,0
1,AGI32-IDcx4qny-Project_1-LUMINAIRE-VF_Symbol,3516.0000,3252.0000,120.0000,0
1,AGI32-IDcx4qny-Project_1-LUMINAIRE-VF_Symbol,3516.0000,3162.0000,120.0000,0
1,AGI32-IDcx4qny-Project_1-LUMINAIRE-VF_Symbol,3660.0000,3162.0000,120.0000,0
1,AGI32-IDcx4qny-Project_1-LUMINAIRE-VF_Symbol,3660.0000,3072.0000,120.0000,0
1,AGI32-IDcx4qny-Project_1-LUMINAIRE-VF_Symbol,4296.0000,2928.0000,120.0000,0
1,AGI32-IDcx4qny-Project_1-LUMINAIRE-VF_Symbol,4416.0000,2928.0000,120.0000,0
1,AGI32-IDcx4qny-Project_1-LUMINAIRE-VF_Symbol,4056.0000,2928.0000,120.0000,0
1,AGI32-IDcx4qny-Project_1-LUMINAIRE-VF_Symbol,4176.0000,2928.0000,120.0000,0
1,AGI32-IDcx4qny-Project_1-LUMINAIRE-VF_Symbol,4536.0000,2928.0000,120.0000,0
1,AGI32-IDcx4qny-Project_1-LUMINAIRE-VF_Symbol,4056.0000,2820.0000,120.0000,0
1,AGI32-IDcx4qny-Project_1-LUMINAIRE-VF_Symbol,4176.0000,2820.0000,120.0000,0
1,AGI32-IDcx4qny-Project_1-LUMINAIRE-VF_Symbol,4656.0000,2928.0000,120.0000,0
1,AGI32-IDcx4qny-Project_1-LUMINAIRE-VF_Symbol,3936.0000,2820.0000,120.0000,0
1,AGI32-IDcx4qny-Project_1-LUMINAIRE-VF_Symbol,4260.0000,3444.0000,120.0000,0
1,AGI32-IDcx4qny-Project_1-LUMINAIRE-VF_Symbol,4260.0000,3348.0000,120.0000,0
1,AGI32-IDcx4qny-Project_1-LUMINAIRE-VF_Symbol,3900.0000,3348.0000,120.0000,0
1,AGI32-IDcx4qny-Project_1-LUMINAIRE-VF_Symbol,4260.0000,3540.0000,120.0000,0
1,AGI32-IDcx4qny-Project_1-LUMINAIRE-C_Symbol,4716.0000,2748.0000,216.0000,0
1,AGI32-IDcx4qny-Project_1-LUMINAIRE-C1_Symbol,324.0000,1860.0000,216.0000,90
1,AGI32-IDcx4qny-Project_1-LUMINAIRE-C1_Symbol,468.0000,1860.0000,216.0000,90
1,AGI32-IDcx4qny-Project_1-LUMINAIRE-C1_Symbol,36.0000,1860.0000,216.0000,90
1,AGI32-IDcx4qny-Project_1-LUMINAIRE-C1_Symbol,180.0000,1860.0000,216.0000,90
1,AGI32-IDcx4qny-Project_1-LUMINAIRE-VF_Symbol,3156.0000,3162.0000,120.0000,0
1,AGI32-IDcx4qny-Project_1-LUMINAIRE-VF_Symbol,3156.0000,3072.0000,120.0000,0
1,AGI32-IDcx4qny-Project_1-LUMINAIRE-VF_Symbol,3516.0000,3072.0000,120.0000,0
1,AGI32-IDcx4qny-Project_1-LUMINAIRE-VF_Symbol,3156.0000,3252.0000,120.0000,0
1,AGI32-IDcx4qny-Project_1-LUMINAIRE-VF_Symbol,3732.0000,3540.0000,120.0000,0
1,AGI32-IDcx4qny-Project_1-LUMINAIRE-VF_Symbol,3900.0000,3540.0000,120.0000,0
1,AGI32-IDcx4qny-Project_1-LUMINAIRE-VF_Symbol,3900.0000,3444.0000,120.0000,0
1,AGI32-IDcx4qny-Project_1-LUMINAIRE-VF_Symbol,3732.0000,3444.0000,120.0000,0
1,AGI32-IDcx4qny-Project_1-LUMINAIRE-VF_Symbol,3732.0000,3348.0000,120.0000,0
1,AGI32-IDcx4qny-Project_1-LUMINAIRE-ZG_Symbol,1836.0000,1704.0000,120.0000,90
1,AGI32-IDcx4qny-Project_1-LUMINAIRE-ZG_Symbol,120.0000,588.0000,120.0000,90
1,AGI32-IDcx4qny-Project_1-LUMINAIRE-ZG_Symbol,48.0000,588.0000,120.0000,90
1,AGI32-IDcx4qny-Project_1-LUMINAIRE-ZG_Symbol,336.0000,588.0000,120.0000,90
1,AGI32-IDcx4qny-Project_1-LUMINAIRE-ZG_Symbol,192.0000,588.0000,120.0000,90
1,AGI32-IDcx4qny-Project_1-LUMINAIRE-ZG_Symbol,4728.0000,564.0000,120.0000,90
1,AGI32-IDcx4qny-Project_1-LUMINAIRE-ZG_Symbol,4656.0000,468.0000,120.0000,90
1,AGI32-IDcx4qny-Project_1-LUMINAIRE-ZG_Symbol,4728.0000,372.0000,120.0000,90
1,AGI32-IDcx4qny-Project_1-LUMINAIRE-ZG_Symbol,4656.0000,564.0000,120.0000,90
1,AGI32-IDcx4qny-Project_1-LUMINAIRE-ZG_Symbol,4728.0000,468.0000,120.0000,90
1,AGI32-IDcx4qny-Project_1-LUMINAIRE-ZG_Symbol,240.0000,444.0000,120.0000,90
1,AGI32-IDcx4qny-Project_1-LUMINAIRE-ZG_Symbol,312.0000,444.0000,120.0000,90
1,AGI32-IDcx4qny-Project_1-LUMINAIRE-ZG_Symbol,408.0000,348.0000,120.0000,90
1,AGI32-IDcx4qny-Project_1-LUMINAIRE-ZG_Symbol,192.0000,348.0000,120.0000,90
1,AGI32-IDcx4qny-Project_1-LUMINAIRE-ZG_Symbol,384.0000,444.0000,120.0000,90
1,AGI32-IDcx4qny-Project_1-LUMINAIRE-ZG_Symbol,24.0000,444.0000,120.0000,90
1,AGI32-IDcx4qny-Project_1-LUMINAIRE-ZG_Symbol,264.0000,588.0000,120.0000,90
1,AGI32-IDcx4qny-Project_1-LUMINAIRE-ZG_Symbol,168.0000,444.0000,120.0000,90
1,AGI32-IDcx4qny-Project_1-LUMINAIRE-ZG_Symbol,96.0000,444.0000,120.0000,90
1,AGI32-IDcx4qny-Project_1-LUMINAIRE-RA_Symbol,4552.8480,290.3520,120.0000,90
1,AGI32-IDcx4qny-Project_1-LUMINAIRE-RA_Symbol,4552.8480,230.4120,120.0000,90
1,AGI32-IDcx4qny-Project_1-LUMINAIRE-ZG_Symbol,4536.0000,564.0000,120.0000,90
1,AGI32-IDcx4qny-Project_1-LUMINAIRE-RA_Symbol,4552.8480,361.0080,120.0000,90
1,AGI32-IDcx4qny-Project_1-LUMINAIRE-RA_Symbol,4507.2000,177.6120,120.0000,90
1,AGI32-IDcx4qny-Project_1-LUMINAIRE-RA_Symbol,4500.0000,468.0000,120.0000,90
1,AGI32-IDcx4qny-Project_1-LUMINAIRE-RA_Symbol,4572.0000,468.0000,120.0000,90
1,AGI32-IDcx4qny-Project_1-LUMINAIRE-RA_Symbol,4507.2000,38.6880,120.0000,90
1,AGI32-IDcx4qny-Project_1-LUMINAIRE-RA_Symbol,4507.2000,114.1080,120.0000,90
1,AGI32-IDcx4qny-Project_1-LUMINAIRE-ZG_Symbol,4656.0000,276.0000,120.0000,90
1,AGI32-IDcx4qny-Project_1-LUMINAIRE-ZG_Symbol,4728.0000,180.0000,120.0000,90
1,AGI32-IDcx4qny-Project_1-LUMINAIRE-ZG_Symbol,4656.0000,372.0000,120.0000,90
1,AGI32-IDcx4qny-Project_1-LUMINAIRE-ZG_Symbol,4728.0000,276.0000,120.0000,90
1,AGI32-IDcx4qny-Project_1-LUMINAIRE-ZG_Symbol,4656.0000,180.0000,120.0000,90
1,AGI32-IDcx4qny-Project_1-LUMINAIRE-ZG_Symbol,4584.0000,36.0000,120.0000,90
1,AGI32-IDcx4qny-Project_1-LUMINAIRE-ZG_Symbol,4584.0000,132.0000,120.0000,90
1,AGI32-IDcx4qny-Project_1-LUMINAIRE-ZG_Symbol,4728.0000,84.0000,120.0000,90
1,AGI32-IDcx4qny-Project_1-LUMINAIRE-ZG_Symbol,4656.0000,84.0000,120.0000,90
1,AGI32-IDcx4qny-Project_1-LUMINAIRE-ZG_Symbol,336.0000,348.0000,120.0000,90
1,AGI32-IDcx4qny-Project_1-LUMINAIRE-ZG_Symbol,2052.0000,1512.0000,120.0000,90
1,AGI32-IDcx4qny-Project_1-LUMINAIRE-ZG_Symbol,2124.0000,1512.0000,120.0000,90
1,AGI32-IDcx4qny-Project_1-LUMINAIRE-ZG_Symbol,2052.0000,1704.0000,120.0000,90
1,AGI32-IDcx4qny-Project_1-LUMINAIRE-ZG_Symbol,2052.0000,1608.0000,120.0000,90
1,AGI32-IDcx4qny-Project_1-LUMINAIRE-ZG_Symbol,1932.0000,1512.0000,120.0000,90
1,AGI32-IDcx4qny-Project_1-LUMINAIRE-ZG_Symbol,1908.0000,1140.0000,120.0000,90
1,AGI32-IDcx4qny-Project_1-LUMINAIRE-ZG_Symbol,1980.0000,1140.0000,120.0000,90
1,AGI32-IDcx4qny-Project_1-LUMINAIRE-ZG_Symbol,1932.0000,1416.0000,120.0000,90
1,AGI32-IDcx4qny-Project_1-LUMINAIRE-ZG_Symbol,1836.0000,1140.0000,120.0000,90
1,AGI32-IDcx4qny-Project_1-LUMINAIRE-ZG_Symbol,1908.0000,1608.0000,120.0000,90
1,AGI32-IDcx4qny-Project_1-LUMINAIRE-ZG_Symbol,1836.0000,1512.0000,120.0000,90
1,AGI32-IDcx4qny-Project_1-LUMINAIRE-ZG_Symbol,1908.0000,1704.0000,120.0000,90
1,AGI32-IDcx4qny-Project_1-LUMINAIRE-ZG_Symbol,1836.0000,1608.0000,120.0000,90
1,AGI32-IDcx4qny-Project_1-LUMINAIRE-ZG_Symbol,1836.0000,1416.0000,120.0000,90
1,AGI32-IDcx4qny-Project_1-LUMINAIRE-ZG_Symbol,1980.0000,1608.0000,120.0000,90
1,AGI32-IDcx4qny-Project_1-LUMINAIRE-ZG_Symbol,2052.0000,1800.0000,120.0000,90
1,AGI32-IDcx4qny-Project_1-LUMINAIRE-ZG_Symbol,1980.0000,1800.0000,120.0000,90
1,AGI32-IDcx4qny-Project_1-LUMINAIRE-ZG_Symbol,1980.0000,1704.0000,120.0000,90
1,AGI32-IDcx4qny-Project_1-LUMINAIRE-ZG_Symbol,192.0000,204.0000,120.0000,90
1,AGI32-IDcx4qny-Project_1-LUMINAIRE-ZG_Symbol,360.0000,156.0000,120.0000,90
1,AGI32-IDcx4qny-Project_1-LUMINAIRE-ZG_Symbol,48.0000,204.0000,120.0000,90
1,AGI32-IDcx4qny-Project_1-LUMINAIRE-ZG_Symbol,120.0000,204.0000,120.0000,90
1,AGI32-IDcx4qny-Project_1-LUMINAIRE-ZG_Symbol,432.0000,156.0000,120.0000,90
1,AGI32-IDcx4qny-Project_1-LUMINAIRE-ZG_Symbol,432.0000,252.0000,120.0000,90
1,AGI32-IDcx4qny-Project_1-LUMINAIRE-ZG_Symbol,264.0000,348.0000,120.0000,90
1,AGI32-IDcx4qny-Project_1-LUMINAIRE-ZG_Symbol,264.0000,252.0000,120.0000,90
1,AGI32-IDcx4qny-Project_1-LUMINAIRE-ZG_Symbol,360.0000,252.0000,120.0000,90
1,AGI32-IDcx4qny-Project_1-LUMINAIRE-ZG_Symbol,48.0000,60.0000,120.0000,90
1,AGI32-IDcx4qny-Project_1-LUMINAIRE-ZG_Symbol,120.0000,60.0000,120.0000,90
1,AGI32-IDcx4qny-Project_1-LUMINAIRE-ZG_Symbol,2052.0000,1140.0000,120.0000,90
1,AGI32-IDcx4qny-Project_1-LUMINAIRE-ZG_Symbol,2124.0000,1140.0000,120.0000,90
1,AGI32-IDcx4qny-Project_1-LUMINAIRE-ZG_Symbol,192.0000,60.0000,120.0000,90
1,AGI32-IDcx4qny-Project_1-LUMINAIRE-ZG_Symbol,408.0000,60.0000,120.0000,90
1,AGI32-IDcx4qny-Project_1-LUMINAIRE-ZG_Symbol,264.0000,156.0000,120.0000,90
1,AGI32-IDcx4qny-Project_1-LUMINAIRE-ZG_Symbol,264.0000,60.0000,120.0000,90
1,AGI32-IDcx4qny-Project_1-LUMINAIRE-ZG_Symbol,336.0000,60.0000,120.0000,90
1,AGI32-IDcx4qny-Project_1-LUMINAIRE-C1_Symbol,4392.0000,3552.0000,216.0000,0
1,AGI32-IDcx4qny-Project_1-LUMINAIRE-C1_Symbol,4536.0000,3552.0000,216.0000,0
1,AGI32-IDcx4qny-Project_1-LUMINAIRE-C1_Symbol,4536.0000,3408.0000,216.0000,0
1,AGI32-IDcx4qny-Project_1-LUMINAIRE-C1_Symbol,4680.0000,3408.0000,216.0000,0
1,AGI32-IDcx4qny-Project_1-LUMINAIRE-C1_Symbol,4680.0000,3552.0000,216.0000,0
1,AGI32-IDcx4qny-Project_1-LUMINAIRE-C1_Symbol,3432.0000,3372.0000,216.0000,0
1,AGI32-IDcx4qny-Project_1-LUMINAIRE-C1_Symbol,3576.0000,3372.0000,216.0000,0
1,AGI32-IDcx4qny-Project_1-LUMINAIRE-C1_Symbol,3144.0000,3372.0000,216.0000,0
1,AGI32-IDcx4qny-Project_1-LUMINAIRE-C1_Symbol,3288.0000,3372.0000,216.0000,0
1,AGI32-IDcx4qny-Project_1-LUMINAIRE-C1_Symbol,3960.0000,3264.0000,216.0000,0
1,AGI32-IDcx4qny-Project_1-LUMINAIRE-C1_Symbol,4104.0000,3264.0000,216.0000,0
1,AGI32-IDcx4qny-Project_1-LUMINAIRE-C1_Symbol,4680.0000,3132.0000,216.0000,0
1,AGI32-IDcx4qny-Project_1-LUMINAIRE-C1_Symbol,4680.0000,3012.0000,216.0000,0
1,AGI32-IDcx4qny-Project_1-LUMINAIRE-C1_Symbol,4248.0000,3264.0000,216.0000,0
1,AGI32-IDcx4qny-Project_1-LUMINAIRE-C1_Symbol,4680.0000,3264.0000,216.0000,0
1,AGI32-IDcx4qny-Project_1-LUMINAIRE-C1_Symbol,4392.0000,3408.0000,216.0000,0
1,AGI32-IDcx4qny-Project_1-LUMINAIRE-C1_Symbol,4392.0000,3264.0000,216.0000,0
1,AGI32-IDcx4qny-Project_1-LUMINAIRE-C1_Symbol,4536.0000,3264.0000,216.0000,0
1,AGI32-IDcx4qny-Project_1-LUMINAIRE-C1_Symbol,2568.0000,3240.0000,216.0000,0
1,AGI32-IDcx4qny-Project_1-LUMINAIRE-C1_Symbol,2712.0000,3240.0000,216.0000,0
1,AGI32-IDcx4qny-Project_1-LUMINAIRE-C1_Symbol,2856.0000,3096.0000,216.0000,0
1,AGI32-IDcx4qny-Project_1-LUMINAIRE-C1_Symbol,3000.0000,3096.0000,216.0000,0
1,AGI32-IDcx4qny-Project_1-LUMINAIRE-C1_Symbol,2856.0000,3240.0000,216.0000,0
1,AGI32-IDcx4qny-Project_1-LUMINAIRE-C1_Symbol,2712.0000,3384.0000,216.0000,0
1,AGI32-IDcx4qny-Project_1-LUMINAIRE-C1_Symbol,2856.0000,3384.0000,216.0000,0
1,AGI32-IDcx4qny-Project_1-LUMINAIRE-C1_Symbol,3000.0000,3240.0000,216.0000,0
1,AGI32-IDcx4qny-Project_1-LUMINAIRE-C1_Symbol,2568.0000,3384.0000,216.0000,0
1,AGI32-IDcx4qny-Project_1-LUMINAIRE-C1_Symbol,3384.0000,3528.0000,216.0000,0
1,AGI32-IDcx4qny-Project_1-LUMINAIRE-C1_Symbol,3480.0000,3576.0000,216.0000,0
1,AGI32-IDcx4qny-Project_1-LUMINAIRE-C1_Symbol,3144.0000,3528.0000,216.0000,0
1,AGI32-IDcx4qny-Project_1-LUMINAIRE-C1_Symbol,3264.0000,3528.0000,216.0000,0
1,AGI32-IDcx4qny-Project_1-LUMINAIRE-C1_Symbol,3480.0000,3480.0000,216.0000,0
1,AGI32-IDcx4qny-Project_1-LUMINAIRE-C1_Symbol,2568.0000,3096.0000,216.0000,0
1,AGI32-IDcx4qny-Project_1-LUMINAIRE-C1_Symbol,2712.0000,3096.0000,216.0000,0
1,AGI32-IDcx4qny-Project_1-LUMINAIRE-C1_Symbol,3588.0000,3576.0000,216.0000,0
1,AGI32-IDcx4qny-Project_1-LUMINAIRE-C1_Symbol,3588.0000,3480.0000,216.0000,0
1,AGI32-IDcx4qny-Project_1-LUMINAIRE-C1_Symbol,4536.0000,3012.0000,216.0000,0
1,AGI32-IDcx4qny-Project_1-LUMINAIRE-C1_Symbol,2244.0000,2892.0000,216.0000,0
1,AGI32-IDcx4qny-Project_1-LUMINAIRE-C1_Symbol,2364.0000,2892.0000,216.0000,0
1,AGI32-IDcx4qny-Project_1-LUMINAIRE-C1_Symbol,2004.0000,2892.0000,216.0000,0
1,AGI32-IDcx4qny-Project_1-LUMINAIRE-C1_Symbol,2124.0000,2892.0000,216.0000,0
1,AGI32-IDcx4qny-Project_1-LUMINAIRE-C1_Symbol,2484.0000,2892.0000,216.0000,0
1,AGI32-IDcx4qny-Project_1-LUMINAIRE-C1_Symbol,2844.0000,2892.0000,216.0000,0
1,AGI32-IDcx4qny-Project_1-LUMINAIRE-C1_Symbol,2964.0000,2892.0000,216.0000,0
1,AGI32-IDcx4qny-Project_1-LUMINAIRE-C1_Symbol,2604.0000,2892.0000,216.0000,0
1,AGI32-IDcx4qny-Project_1-LUMINAIRE-C1_Symbol,2724.0000,2892.0000,216.0000,0
1,AGI32-IDcx4qny-Project_1-LUMINAIRE-C1_Symbol,1164.0000,2892.0000,216.0000,0
1,AGI32-IDcx4qny-Project_1-LUMINAIRE-C1_Symbol,1284.0000,2892.0000,216.0000,0
1,AGI32-IDcx4qny-Project_1-LUMINAIRE-C_Symbol,1224.0000,528.0000,216.0000,0
1,AGI32-IDcx4qny-Project_1-LUMINAIRE-C_Symbol,1344.0000,528.0000,216.0000,0
1,AGI32-IDcx4qny-Project_1-LUMINAIRE-C1_Symbol,1404.0000,2892.0000,216.0000,0
1,AGI32-IDcx4qny-Project_1-LUMINAIRE-C1_Symbol,1764.0000,2892.0000,216.0000,0
1,AGI32-IDcx4qny-Project_1-LUMINAIRE-C1_Symbol,1884.0000,2892.0000,216.0000,0
1,AGI32-IDcx4qny-Project_1-LUMINAIRE-C1_Symbol,1524.0000,2892.0000,216.0000,0
1,AGI32-IDcx4qny-Project_1-LUMINAIRE-C1_Symbol,1644.0000,2892.0000,216.0000,0
1,AGI32-IDcx4qny-Project_1-LUMINAIRE-C1_Symbol,4104.0000,3132.0000,216.0000,0
1,AGI32-IDcx4qny-Project_1-LUMINAIRE-C1_Symbol,4104.0000,3012.0000,216.0000,0
1,AGI32-IDcx4qny-Project_1-LUMINAIRE-C1_Symbol,3960.0000,3132.0000,216.0000,0
1,AGI32-IDcx4qny-Project_1-LUMINAIRE-C1_Symbol,3960.0000,3012.0000,216.0000,0
1,AGI32-IDcx4qny-Project_1-LUMINAIRE-C1_Symbol,4248.0000,3132.0000,216.0000,0
1,AGI32-IDcx4qny-Project_1-LUMINAIRE-C1_Symbol,4392.0000,3012.0000,216.0000,0
1,AGI32-IDcx4qny-Project_1-LUMINAIRE-C1_Symbol,4536.0000,3132.0000,216.0000,0
1,AGI32-IDcx4qny-Project_1-LUMINAIRE-C1_Symbol,4248.0000,3012.0000,216.0000,0
1,AGI32-IDcx4qny-Project_1-LUMINAIRE-C1_Symbol,4392.0000,3132.0000,216.0000,0
1,AGI32-IDcx4qny-Project_1-LUMINAIRE-C1_Symbol,3324.0000,2892.0000,216.0000,0
1,AGI32-IDcx4qny-Project_1-LUMINAIRE-C1_Symbol,3444.0000,2892.0000,216.0000,0
1,AGI32-IDcx4qny-Project_1-LUMINAIRE-C1_Symbol,3084.0000,2892.0000,216.0000,0
1,AGI32-IDcx4qny-Project_1-LUMINAIRE-C1_Symbol,3204.0000,2892.0000,216.0000,0
1,AGI32-IDcx4qny-Project_1-LUMINAIRE-C1_Symbol,3564.0000,2892.0000,216.0000,0
1,AGI32-IDcx4qny-Project_1-LUMINAIRE-C1_Symbol,3816.0000,3132.0000,216.0000,0
1,AGI32-IDcx4qny-Project_1-LUMINAIRE-C1_Symbol,3816.0000,3012.0000,216.0000,0
1,AGI32-IDcx4qny-Project_1-LUMINAIRE-C1_Symbol,3684.0000,2892.0000,216.0000,0
1,AGI32-IDcx4qny-Project_1-LUMINAIRE-C1_Symbol,3804.0000,2892.0000,216.0000,0
1,AGI32-IDcx4qny-Project_1-LUMINAIRE-C1_Symbol,3000.0000,3384.0000,216.0000,0
1,AGI32-IDcx4qny-Project_1-LUMINAIRE-VF_Symbol,48.0000,1008.0000,120.0000,0
1,AGI32-IDcx4qny-Project_1-LUMINAIRE-VF_Symbol,336.0000,1008.0000,120.0000,0
1,AGI32-IDcx4qny-Project_1-LUMINAIRE-VF_Symbol,336.0000,1092.0000,120.0000,90
1,AGI32-IDcx4qny-Project_1-LUMINAIRE-VF_Symbol,48.0000,1092.0000,120.0000,90
1,AGI32-IDcx4qny-Project_1-LUMINAIRE-VF_Symbol,48.0000,888.0000,120.0000,0
1,AGI32-IDcx4qny-Project_1-LUMINAIRE-VF_Symbol,336.0000,948.0000,120.0000,0
1,AGI32-IDcx4qny-Project_1-LUMINAIRE-VF_Symbol,204.0000,816.0000,120.0000,0
1,AGI32-IDcx4qny-Project_1-LUMINAIRE-VF_Symbol,336.0000,888.0000,120.0000,0
1,AGI32-IDcx4qny-Project_1-LUMINAIRE-VF_Symbol,48.0000,948.0000,120.0000,0
1,AGI32-IDcx4qny-Project_1-LUMINAIRE-VF_Symbol,696.0000,1980.0000,120.0000,90
1,AGI32-IDcx4qny-Project_1-LUMINAIRE-VF_Symbol,816.0000,1980.0000,120.0000,90
1,AGI32-IDcx4qny-Project_1-LUMINAIRE-VF_Symbol,708.0000,1752.0000,120.0000,90
1,AGI32-IDcx4qny-Project_1-LUMINAIRE-VF_Symbol,828.0000,1752.0000,120.0000,90
1,AGI32-IDcx4qny-Project_1-LUMINAIRE-VF_Symbol,696.0000,2076.0000,120.0000,90
1,AGI32-IDcx4qny-Project_1-LUMINAIRE-VF_Symbol,336.0000,1212.0000,120.0000,90
1,AGI32-IDcx4qny-Project_1-LUMINAIRE-VF_Symbol,48.0000,1212.0000,120.0000,90
1,AGI32-IDcx4qny-Project_1-LUMINAIRE-VF_Symbol,336.0000,1332.0000,120.0000,90
1,AGI32-IDcx4qny-Project_1-LUMINAIRE-VF_Symbol,48.0000,1332.0000,120.0000,90
1,AGI32-IDcx4qny-Project_1-LUMINAIRE-VF_Symbol,2004.0000,2208.0000,120.0000,90
1,AGI32-IDcx4qny-Project_1-LUMINAIRE-VF_Symbol,2136.0000,2208.0000,120.0000,90
1,AGI32-IDcx4qny-Project_1-LUMINAIRE-VF_Symbol,2004.0000,2064.0000,120.0000,90
1,AGI32-IDcx4qny-Project_1-LUMINAIRE-VF_Symbol,2136.0000,2064.0000,120.0000,90
1,AGI32-IDcx4qny-Project_1-LUMINAIRE-VF_Symbol,2004.0000,2316.0000,120.0000,90
1,AGI32-IDcx4qny-Project_1-LUMINAIRE-VF_Symbol,2136.0000,2460.0000,120.0000,90
1,AGI32-IDcx4qny-Project_1-LUMINAIRE-VF_Symbol,3936.0000,2928.0000,120.0000,0
1,AGI32-IDcx4qny-Project_1-LUMINAIRE-VF_Symbol,2136.0000,2316.0000,120.0000,90
1,AGI32-IDcx4qny-Project_1-LUMINAIRE-VF_Symbol,2004.0000,2460.0000,120.0000,90
1,AGI32-IDcx4qny-Project_1-LUMINAIRE-VF_Symbol,1752.0000,-156.0000,120.0000,0
1,AGI32-IDcx4qny-Project_1-LUMINAIRE-VF_Symbol,1848.0000,1272.0000,120.0000,90
1,AGI32-IDcx4qny-Project_1-LUMINAIRE-VF_Symbol,516.0000,372.0000,120.0000,0
1,AGI32-IDcx4qny-Project_1-LUMINAIRE-VF_Symbol,1752.0000,-72.0000,120.0000,0
1,AGI32-IDcx4qny-Project_1-LUMINAIRE-VF_Symbol,1956.0000,1272.0000,120.0000,90
1,AGI32-IDcx4qny-Project_1-LUMINAIRE-VF_Symbol,2040.0000,1404.0000,120.0000,90
1,AGI32-IDcx4qny-Project_1-LUMINAIRE-VF_Symbol,2148.0000,1404.0000,120.0000,90
1,AGI32-IDcx4qny-Project_1-LUMINAIRE-VF_Symbol,2040.0000,1272.0000,120.0000,90
1,AGI32-IDcx4qny-Project_1-LUMINAIRE-VF_Symbol,2148.0000,1272.0000,120.0000,90
1,AGI32-IDcx4qny-Project_1-LUMINAIRE-VF_Symbol,756.0000,1524.0000,120.0000,90
1,AGI32-IDcx4qny-Project_1-LUMINAIRE-VF_Symbol,924.0000,2424.0000,120.0000,90
1,AGI32-IDcx4qny-Project_1-LUMINAIRE-VF_Symbol,924.0000,2304.0000,120.0000,90
1,AGI32-IDcx4qny-Project_1-LUMINAIRE-VF_Symbol,1068.0000,2871.9960,120.0000,0
1,AGI32-IDcx4qny-Project_1-LUMINAIRE-VF_Symbol,924.0000,2544.0000,120.0000,90
1,AGI32-IDcx4qny-Project_1-LUMINAIRE-VF_Symbol,924.0000,2184.0000,120.0000,90
1,AGI32-IDcx4qny-Project_1-LUMINAIRE-VF_Symbol,924.0000,1824.0000,120.0000,90
1,AGI32-IDcx4qny-Project_1-LUMINAIRE-VF_Symbol,924.0000,1704.0000,120.0000,90
1,AGI32-IDcx4qny-Project_1-LUMINAIRE-VF_Symbol,924.0000,2064.0000,120.0000,90
1,AGI32-IDcx4qny-Project_1-LUMINAIRE-VF_Symbol,924.0000,1944.0000,120.0000,90
1,AGI32-IDcx4qny-Project_1-LUMINAIRE-C1_Symbol,2856.0000,3528.0000,216.0000,0
1,AGI32-IDcx4qny-Project_1-LUMINAIRE-C1_Symbol,3000.0000,3528.0000,216.0000,0
1,AGI32-IDcx4qny-Project_1-LUMINAIRE-C1_Symbol,2568.0000,3528.0000,216.0000,0
1,AGI32-IDcx4qny-Project_1-LUMINAIRE-C1_Symbol,2712.0000,3528.0000,216.0000,0
1,AGI32-IDcx4qny-Project_1-LUMINAIRE-VF_Symbol,708.0000,2976.0000,120.0000,0
1,AGI32-IDcx4qny-Project_1-LUMINAIRE-VF_Symbol,708.0000,2664.0000,120.0000,0
1,AGI32-IDcx4qny-Project_1-LUMINAIRE-VF_Symbol,1068.0000,2976.0000,120.0000,0
1,AGI32-IDcx4qny-Project_1-LUMINAIRE-VF_Symbol,708.0000,2871.9960,120.0000,0
1,AGI32-IDcx4qny-Project_1-LUMINAIRE-VF_Symbol,708.0000,2768.0040,120.0000,0
1,AGI32-IDcx4qny-Project_1-LUMINAIRE-VF_Symbol,684.0000,1428.0000,120.0000,90
1,AGI32-IDcx4qny-Project_1-LUMINAIRE-VF_Symbol,828.0000,1620.0000,120.0000,90
1,AGI32-IDcx4qny-Project_1-LUMINAIRE-VF_Symbol,816.0000,2184.0000,120.0000,90
1,AGI32-IDcx4qny-Project_1-LUMINAIRE-VF_Symbol,828.0000,1428.0000,120.0000,90
1,AGI32-IDcx4qny-Project_1-LUMINAIRE-VF_Symbol,684.0000,1620.0000,120.0000,90
1,AGI32-IDcx4qny-Project_1-LUMINAIRE-VF_Symbol,828.0000,1524.0000,120.0000,90
1,AGI32-IDcx4qny-Project_1-LUMINAIRE-VF_Symbol,684.0000,1524.0000,120.0000,90
1,AGI32-IDcx4qny-Project_1-LUMINAIRE-VF_Symbol,756.0000,1428.0000,120.0000,90
1,AGI32-IDcx4qny-Project_1-LUMINAIRE-VF_Symbol,756.0000,1620.0000,120.0000,90
1,AGI32-IDcx4qny-Project_1-LUMINAIRE-VF_Symbol,708.0000,2544.0000,120.0000,90
1,AGI32-IDcx4qny-Project_1-LUMINAIRE-VF_Symbol,708.0000,2424.0000,120.0000,90
1,AGI32-IDcx4qny-Project_1-LUMINAIRE-VF_Symbol,924.0000,1584.0000,120.0000,90
1,AGI32-IDcx4qny-Project_1-LUMINAIRE-VF_Symbol,924.0000,1464.0000,120.0000,90
1,AGI32-IDcx4qny-Project_1-LUMINAIRE-VF_Symbol,708.0000,2304.0000,120.0000,90
1,AGI32-IDcx4qny-Project_1-LUMINAIRE-VF_Symbol,816.0000,2424.0000,120.0000,90
1,AGI32-IDcx4qny-Project_1-LUMINAIRE-VF_Symbol,816.0000,2304.0000,120.0000,90
1,AGI32-IDcx4qny-Project_1-LUMINAIRE-VF_Symbol,708.0000,2184.0000,120.0000,90
1,AGI32-IDcx4qny-Project_1-LUMINAIRE-VF_Symbol,816.0000,2544.0000,120.0000,90
1,AGI32-IDcx4qny-Project_1-LUMINAIRE-PP-4_Symbol,948.9600,778.1400,120.0000,0
1,AGI32-IDcx4qny-Project_1-LUMINAIRE-PP-4_Symbol,996.9600,822.9240,120.0000,0
1,AGI32-IDcx4qny-Project_1-LUMINAIRE-PP-4_Symbol,900.9600,778.1400,120.0000,0
1,AGI32-IDcx4qny-Project_1-LUMINAIRE-PP-4_Symbol,948.9600,822.9240,120.0000,0
1,AGI32-IDcx4qny-Project_1-LUMINAIRE-PP-4_Symbol,996.9600,778.1400,120.0000,0
1,AGI32-IDcx4qny-Project_1-LUMINAIRE-PP-4_Symbol,1092.9600,822.9240,120.0000,0
1,AGI32-IDcx4qny-Project_1-LUMINAIRE-PP-4_Symbol,1092.9600,778.1400,120.0000,0
1,AGI32-IDcx4qny-Project_1-LUMINAIRE-PP-4_Symbol,1044.9600,822.9240,120.0000,0
1,AGI32-IDcx4qny-Project_1-LUMINAIRE-PP-4_Symbol,1044.9600,778.1400,120.0000,0
1,AGI32-IDcx4qny-Project_1-LUMINAIRE-PP-4_Symbol,756.9600,822.9240,120.0000,0
1,AGI32-IDcx4qny-Project_1-LUMINAIRE-PP-4_Symbol,756.9600,778.1400,120.0000,0
1,AGI32-IDcx4qny-Project_1-LUMINAIRE-PP-4_Symbol,708.9600,822.9240,120.0000,0
1,AGI32-IDcx4qny-Project_1-LUMINAIRE-PP-4_Symbol,708.9600,778.1400,120.0000,0
1,AGI32-IDcx4qny-Project_1-LUMINAIRE-PP-4_Symbol,804.9600,822.9240,120.0000,0
1,AGI32-IDcx4qny-Project_1-LUMINAIRE-PP-4_Symbol,852.9600,778.1400,120.0000,0
1,AGI32-IDcx4qny-Project_1-LUMINAIRE-PP-4_Symbol,900.9600,822.9240,120.0000,0
1,AGI32-IDcx4qny-Project_1-LUMINAIRE-PP-4_Symbol,804.9600,778.1400,120.0000,0
1,AGI32-IDcx4qny-Project_1-LUMINAIRE-PP-4_Symbol,852.9600,822.9240,120.0000,0
1,AGI32-IDcx4qny-Project_1-LUMINAIRE-PP-4_Symbol,696.9600,1141.4400,120.0000,0
1,AGI32-IDcx4qny-Project_1-LUMINAIRE-PP-4_Symbol,744.9600,1186.2240,120.0000,0
1,AGI32-IDcx4qny-Project_1-LUMINAIRE-PP-4_Symbol,648.9600,1141.4400,120.0000,0
1,AGI32-IDcx4qny-Project_1-LUMINAIRE-PP-4_Symbol,696.9600,1186.2240,120.0000,0
1,AGI32-IDcx4qny-Project_1-LUMINAIRE-PP-4_Symbol,744.9600,1141.4400,120.0000,0
1,AGI32-IDcx4qny-Project_1-LUMINAIRE-PP-4_Symbol,840.9600,1186.2240,120.0000,0
1,AGI32-IDcx4qny-Project_1-LUMINAIRE-PP-4_Symbol,840.9600,1141.4400,120.0000,0
1,AGI32-IDcx4qny-Project_1-LUMINAIRE-PP-4_Symbol,792.9600,1186.2240,120.0000,0
1,AGI32-IDcx4qny-Project_1-LUMINAIRE-PP-4_Symbol,792.9600,1141.4400,120.0000,0
1,AGI32-IDcx4qny-Project_1-LUMINAIRE-PP-4_Symbol,1188.9600,822.9240,120.0000,0
1,AGI32-IDcx4qny-Project_1-LUMINAIRE-PP-4_Symbol,1188.9600,778.1400,120.0000,0
1,AGI32-IDcx4qny-Project_1-LUMINAIRE-PP-4_Symbol,1140.9600,822.9240,120.0000,0
1,AGI32-IDcx4qny-Project_1-LUMINAIRE-PP-4_Symbol,1140.9600,778.1400,120.0000,0
1,AGI32-IDcx4qny-Project_1-LUMINAIRE-PP-4_Symbol,1236.9600,822.9240,120.0000,0
1,AGI32-IDcx4qny-Project_1-LUMINAIRE-PP-4_Symbol,600.9600,1141.4400,120.0000,0
1,AGI32-IDcx4qny-Project_1-LUMINAIRE-PP-4_Symbol,648.9600,1186.2240,120.0000,0
1,AGI32-IDcx4qny-Project_1-LUMINAIRE-PP-4_Symbol,1284.9600,822.9240,120.0000,0
1,AGI32-IDcx4qny-Project_1-LUMINAIRE-PP-4_Symbol,600.9600,1186.2240,120.0000,0
1,AGI32-IDcx4qny-Project_1-LUMINAIRE-PP-4_Symbol,660.9600,778.1400,120.0000,0
1,AGI32-IDcx4qny-Project_1-LUMINAIRE-TR1_Symbol,1392.0000,324.0000,132.0000,90
1,AGI32-IDcx4qny-Project_1-LUMINAIRE-TR1_Symbol,1392.0000,144.0000,132.0000,90
1,AGI32-IDcx4qny-Project_1-LUMINAIRE-TR2_Symbol,1224.0000,204.0000,132.0000,90
1,AGI32-IDcx4qny-Project_1-LUMINAIRE-TR2_Symbol,1224.0000,264.0000,132.0000,90
1,AGI32-IDcx4qny-Project_1-LUMINAIRE-TR1_Symbol,1392.0000,204.0000,132.0000,90
1,AGI32-IDcx4qny-Project_1-LUMINAIRE-TR2_Symbol,1272.0000,372.0000,132.0000,90
1,AGI32-IDcx4qny-Project_1-LUMINAIRE-TR2_Symbol,684.0000,108.0000,132.0000,90
1,AGI32-IDcx4qny-Project_1-LUMINAIRE-TR1_Symbol,1392.0000,264.0000,132.0000,90
1,AGI32-IDcx4qny-Project_1-LUMINAIRE-TR2_Symbol,1236.0000,372.0000,132.0000,90
1,AGI32-IDcx4qny-Project_1-LUMINAIRE-P2_Symbol,609.9240,33.7200,108.0000,0
1,AGI32-IDcx4qny-Project_1-LUMINAIRE-TR1_Symbol,636.0000,300.0000,132.0000,90
1,AGI32-IDcx4qny-Project_1-LUMINAIRE-P2_Symbol,1029.9240,33.7200,108.0000,0
1,AGI32-IDcx4qny-Project_1-LUMINAIRE-P1_Symbol,521.8800,33.7200,168.0000,0
1,AGI32-IDcx4qny-Project_1-LUMINAIRE-TR1_Symbol,636.0000,120.0000,132.0000,90
1,AGI32-IDcx4qny-Project_1-LUMINAIRE-TR2_Symbol,1224.0000,324.0000,132.0000,90
1,AGI32-IDcx4qny-Project_1-LUMINAIRE-TR2_Symbol,1224.0000,144.0000,132.0000,90
1,AGI32-IDcx4qny-Project_1-LUMINAIRE-TR1_Symbol,636.0000,180.0000,132.0000,90
1,AGI32-IDcx4qny-Project_1-LUMINAIRE-TR1_Symbol,636.0000,240.0000,132.0000,90
1,AGI32-IDcx4qny-Project_1-LUMINAIRE-RB1_Symbol,1152.0000,48.0000,120.0000,0
1,AGI32-IDcx4qny-Project_1-LUMINAIRE-RB1_Symbol,1200.0000,48.0000,120.0000,0
1,AGI32-IDcx4qny-Project_1-LUMINAIRE-R1_Symbol,552.0000,176.0040,120.0000,0
1,AGI32-IDcx4qny-Project_1-LUMINAIRE-R1_Symbol,552.0000,120.0000,120.0000,0
1,AGI32-IDcx4qny-Project_1-LUMINAIRE-RB1_Symbol,1248.0000,48.0000,120.0000,0
1,AGI32-IDcx4qny-Project_1-LUMINAIRE-PP-4_Symbol,612.9600,778.1400,120.0000,0
1,AGI32-IDcx4qny-Project_1-LUMINAIRE-PP-4_Symbol,660.9600,822.9240,120.0000,0
1,AGI32-IDcx4qny-Project_1-LUMINAIRE-VL_Symbol,1284.0840,21.2040,84.0000,90
1,AGI32-IDcx4qny-Project_1-LUMINAIRE-PP-4_Symbol,612.9600,822.9240,120.0000,0
1,AGI32-IDcx4qny-Project_1-LUMINAIRE-TR2_Symbol,804.0000,108.0000,132.0000,90
1,AGI32-IDcx4qny-Project_1-LUMINAIRE-R1_Symbol,492.0000,288.0000,120.0000,0
1,AGI32-IDcx4qny-Project_1-LUMINAIRE-TR2_Symbol,864.0000,108.0000,132.0000,90
1,AGI32-IDcx4qny-Project_1-LUMINAIRE-TR2_Symbol,744.0000,108.0000,132.0000,90
1,AGI32-IDcx4qny-Project_1-LUMINAIRE-R1_Symbol,492.0000,231.9960,120.0000,0
1,AGI32-IDcx4qny-Project_1-LUMINAIRE-R1_Symbol,552.0000,288.0000,120.0000,0
1,AGI32-IDcx4qny-Project_1-LUMINAIRE-R1_Symbol,552.0000,231.9960,120.0000,0
1,AGI32-IDcx4qny-Project_1-LUMINAIRE-R1_Symbol,492.0000,176.0040,120.0000,0
1,AGI32-IDcx4qny-Project_1-LUMINAIRE-R1_Symbol,492.0000,120.0000,120.0000,0
1,AGI32-IDcx4qny-Project_1-LUMINAIRE-PP-4_Symbol,888.9600,1186.2240,120.0000,0
1,AGI32-IDcx4qny-Project_1-LUMINAIRE-VF_Symbol,192.0000,1332.0000,120.0000,90
1,AGI32-IDcx4qny-Project_1-LUMINAIRE-VF_Symbol,192.0000,1212.0000,120.0000,90
1,AGI32-IDcx4qny-Project_1-LUMINAIRE-VF_Symbol,192.0000,888.0000,120.0000,0
1,AGI32-IDcx4qny-Project_1-LUMINAIRE-VF_Symbol,192.0000,948.0000,120.0000,0
1,AGI32-IDcx4qny-Project_1-LUMINAIRE-VF_Symbol,192.0000,1092.0000,120.0000,90
1,AGI32-IDcx4qny-Project_1-LUMINAIRE-VF_Symbol,888.0000,2871.9960,120.0000,0
1,AGI32-IDcx4qny-Project_1-LUMINAIRE-VF_Symbol,888.0000,2768.0040,120.0000,0
1,AGI32-IDcx4qny-Project_1-LUMINAIRE-C_Symbol,444.0000,1320.0000,216.0000,0
1,AGI32-IDcx4qny-Project_1-LUMINAIRE-VF_Symbol,888.0000,2976.0000,120.0000,0
1,AGI32-IDcx4qny-Project_1-LUMINAIRE-PB_Symbol,3924.0000,-96.0000,216.0000,0
1,AGI32-IDcx4qny-Project_1-LUMINAIRE-PB_Symbol,3924.0000,-240.0000,216.0000,0
1,AGI32-IDcx4qny-Project_1-LUMINAIRE-ZG_Symbol,3816.0000,3264.0000,120.0000,0
1,AGI32-IDcx4qny-Project_1-LUMINAIRE-ZG_Symbol,3816.0000,3192.0000,120.0000,0
1,AGI32-IDcx4qny-Project_1-LUMINAIRE-PB_Symbol,3708.0000,-96.0000,216.0000,0
1,AGI32-IDcx4qny-Project_1-LUMINAIRE-PB_Symbol,3816.0000,-240.0000,216.0000,0
1,AGI32-IDcx4qny-Project_1-LUMINAIRE-VF_Symbol,192.0000,1008.0000,120.0000,0
1,AGI32-IDcx4qny-Project_1-LUMINAIRE-PB_Symbol,3708.0000,-240.0000,216.0000,0
1,AGI32-IDcx4qny-Project_1-LUMINAIRE-PB_Symbol,3816.0000,-96.0000,216.0000,0
1,AGI32-IDcx4qny-Project_1-LUMINAIRE-PB_Symbol,1440.0000,-96.0000,216.0000,0
1,AGI32-IDcx4qny-Project_1-LUMINAIRE-PB_Symbol,1440.0000,-240.0000,216.0000,0
1,AGI32-IDcx4qny-Project_1-LUMINAIRE-PB_Symbol,1524.0000,-96.0000,216.0000,0
1,AGI32-IDcx4qny-Project_1-LUMINAIRE-PB_Symbol,1524.0000,-240.0000,216.0000,0
1,AGI32-IDcx4qny-Project_1-LUMINAIRE-VF_Symbol,312.0000,696.0000,120.0000,90
1,AGI32-IDcx4qny-Project_1-LUMINAIRE-VF_Symbol,84.0000,804.0000,120.0000,0
1,AGI32-IDcx4qny-Project_1-LUMINAIRE-VF_Symbol,84.0000,696.0000,120.0000,0
1,AGI32-IDcx4qny-Project_1-LUMINAIRE-VF_Symbol,204.0000,708.0000,120.0000,90
1,AGI32-IDcx4qny-Project_1-LUMINAIRE-VF_Symbol,312.0000,804.0000,120.0000,90
1,AGI32-IDcx4qny-Project_1-LUMINAIRE-VF_Symbol,3336.0000,3162.0000,120.0000,0
1,AGI32-IDcx4qny-Project_1-LUMINAIRE-VF_Symbol,3336.0000,3072.0000,120.0000,0
1,AGI32-IDcx4qny-Project_1-LUMINAIRE-VF_Symbol,888.0000,2664.0000,120.0000,0
1,AGI32-IDcx4qny-Project_1-LUMINAIRE-VF_Symbol,3336.0000,3252.0000,120.0000,0
1,AGI32-IDcx4qny-Project_1-LUMINAIRE-VF_Symbol,4080.0000,3540.0000,120.0000,0
1,AGI32-IDcx4qny-Project_1-LUMINAIRE-PB_Symbol,1356.0000,-96.0000,216.0000,0
1,AGI32-IDcx4qny-Project_1-LUMINAIRE-PB_Symbol,1356.0000,-240.0000,216.0000,0
1,AGI32-IDcx4qny-Project_1-LUMINAIRE-VF_Symbol,4080.0000,3444.0000,120.0000,0
1,AGI32-IDcx4qny-Project_1-LUMINAIRE-VF_Symbol,4080.0000,3348.0000,120.0000,0
1,AGI32-IDcx4qny-Project_1-LUMINAIRE-PP-4_Symbol,1201.0680,2164.1880,120.0000,90
1,AGI32-IDcx4qny-Project_1-LUMINAIRE-PP-4_Symbol,1176.9600,1186.2240,120.0000,0
1,AGI32-IDcx4qny-Project_1-LUMINAIRE-PP-4_Symbol,1176.9600,1141.4400,120.0000,0
1,AGI32-IDcx4qny-Project_1-LUMINAIRE-PP-4_Symbol,1128.9600,1186.2240,120.0000,0
1,AGI32-IDcx4qny-Project_1-LUMINAIRE-PP-4_Symbol,1128.9600,1141.4400,120.0000,0
1,AGI32-IDcx4qny-Project_1-LUMINAIRE-PP-4_Symbol,1224.9600,1186.2240,120.0000,0
1,AGI32-IDcx4qny-Project_1-LUMINAIRE-PP-4_Symbol,1272.9600,1141.4400,120.0000,0
1,AGI32-IDcx4qny-Project_1-LUMINAIRE-PP-4_Symbol,1370.7120,2548.1880,120.0000,90
1,AGI32-IDcx4qny-Project_1-LUMINAIRE-PP-4_Symbol,1224.9600,1141.4400,120.0000,0
1,AGI32-IDcx4qny-Project_1-LUMINAIRE-PP-4_Symbol,1272.9600,1186.2240,120.0000,0
1,AGI32-IDcx4qny-Project_1-LUMINAIRE-PP-4_Symbol,936.9600,1141.4400,120.0000,0
1,AGI32-IDcx4qny-Project_1-LUMINAIRE-PP-4_Symbol,984.9600,1186.2240,120.0000,0
1,AGI32-IDcx4qny-Project_1-LUMINAIRE-PP-4_Symbol,888.9600,1141.4400,120.0000,0
1,AGI32-IDcx4qny-Project_1-LUMINAIRE-PP-4_Symbol,936.9600,1186.2240,120.0000,0
1,AGI32-IDcx4qny-Project_1-LUMINAIRE-PP-4_Symbol,984.9600,1141.4400,120.0000,0
1,AGI32-IDcx4qny-Project_1-LUMINAIRE-PP-4_Symbol,1080.9600,1186.2240,120.0000,0
1,AGI32-IDcx4qny-Project_1-LUMINAIRE-PP-4_Symbol,1080.9600,1141.4400,120.0000,0
1,AGI32-IDcx4qny-Project_1-LUMINAIRE-PP-4_Symbol,1032.9600,1186.2240,120.0000,0
1,AGI32-IDcx4qny-Project_1-LUMINAIRE-PP-4_Symbol,1032.9600,1141.4400,120.0000,0
1,AGI32-IDcx4qny-Project_1-LUMINAIRE-PP-4_Symbol,1370.7120,2260.1880,120.0000,90
1,AGI32-IDcx4qny-Project_1-LUMINAIRE-PP-4_Symbol,1201.0680,2260.1880,120.0000,90
1,AGI32-IDcx4qny-Project_1-LUMINAIRE-PP-4_Symbol,1370.7120,2308.1880,120.0000,90
1,AGI32-IDcx4qny-Project_1-LUMINAIRE-PP-4_Symbol,1201.0680,2308.1880,120.0000,90
1,AGI32-IDcx4qny-Project_1-LUMINAIRE-PP-4_Symbol,1370.7120,2212.1880,120.0000,90
1,AGI32-IDcx4qny-Project_1-LUMINAIRE-PP-4_Symbol,1201.0680,2116.1880,120.0000,90
1,AGI32-IDcx4qny-Project_1-LUMINAIRE-PP-4_Symbol,1370.7120,2164.1880,120.0000,90
1,AGI32-IDcx4qny-Project_1-LUMINAIRE-PP-4_Symbol,1201.0680,2212.1880,120.0000,90
1,AGI32-IDcx4qny-Project_1-LUMINAIRE-PP-4_Symbol,1370.7120,2116.1880,120.0000,90
1,AGI32-IDcx4qny-Project_1-LUMINAIRE-PP-4_Symbol,1201.0680,2500.1880,120.0000,90
1,AGI32-IDcx4qny-Project_1-LUMINAIRE-PP-4_Symbol,1370.7120,2452.1880,120.0000,90
1,AGI32-IDcx4qny-Project_1-LUMINAIRE-PP-4_Symbol,1201.0680,2548.1880,120.0000,90
1,AGI32-IDcx4qny-Project_1-LUMINAIRE-PP-4_Symbol,1370.7120,2500.1880,120.0000,90
1,AGI32-IDcx4qny-Project_1-LUMINAIRE-PP-4_Symbol,1201.0680,2452.1880,120.0000,90
1,AGI32-IDcx4qny-Project_1-LUMINAIRE-PP-4_Symbol,1370.7120,2356.1880,120.0000,90
1,AGI32-IDcx4qny-Project_1-LUMINAIRE-PP-4_Symbol,1201.0680,2356.1880,120.0000,90
1,AGI32-IDcx4qny-Project_1-LUMINAIRE-PP-4_Symbol,1370.7120,2404.1880,120.0000,90
1,AGI32-IDcx4qny-Project_1-LUMINAIRE-PP-4_Symbol,1201.0680,2404.1880,120.0000,90
1,AGI32-IDcx4qny-Project_1-LUMINAIRE-RB1_Symbol,3011.2680,-287.9160,120.0000,0
1,AGI32-IDcx4qny-Project_1-LUMINAIRE-VL_Symbol,2805.9960,-186.0000,84.0000,90
1,AGI32-IDcx4qny-Project_1-LUMINAIRE-RB_Symbol,3021.5040,-64.7160,120.0000,0
1,AGI32-IDcx4qny-Project_1-LUMINAIRE-RB1_Symbol,3011.2680,-221.1120,120.0000,0
1,AGI32-IDcx4qny-Project_1-LUMINAIRE-VL_Symbol,2851.6680,-186.5880,84.0000,90
1,AGI32-IDcx4qny-Project_1-LUMINAIRE-VL_Symbol,3066.9720,-168.7920,84.0000,90
1,AGI32-IDcx4qny-Project_1-LUMINAIRE-D_Symbol,1752.0000,-240.0000,144.0000,90
1,AGI32-IDcx4qny-Project_1-LUMINAIRE-VL_Symbol,3056.8920,-263.1000,84.0000,90
1,AGI32-IDcx4qny-Project_1-LUMINAIRE-VL_Symbol,3066.9720,-123.7200,84.0000,90
1,AGI32-IDcx4qny-Project_1-LUMINAIRE-RB_Symbol,3176.0160,-168.3600,120.0000,0
1,AGI32-IDcx4qny-Project_1-LUMINAIRE-RB_Symbol,3176.0160,-222.2640,120.0000,0
1,AGI32-IDcx4qny-Project_1-LUMINAIRE-RB_Symbol,3176.0160,-64.7160,120.0000,0
1,AGI32-IDcx4qny-Project_1-LUMINAIRE-RB_Symbol,3176.0160,-116.7240,120.0000,0
1,AGI32-IDcx4qny-Project_1-LUMINAIRE-RB_Symbol,3176.0160,-287.1720,120.0000,0
1,AGI32-IDcx4qny-Project_1-LUMINAIRE-RB_Symbol,3094.7760,-139.1160,120.0000,0
1,AGI32-IDcx4qny-Project_1-LUMINAIRE-RB_Symbol,3094.7760,-64.7160,120.0000,0
1,AGI32-IDcx4qny-Project_1-LUMINAIRE-RB_Symbol,3094.7760,-287.9280,120.0000,0
1,AGI32-IDcx4qny-Project_1-LUMINAIRE-RB_Symbol,3094.7760,-213.5280,120.0000,0
1,AGI32-IDcx4qny-Project_1-LUMINAIRE-D_Symbol,2520.0000,-240.0000,144.0000,90
1,AGI32-IDcx4qny-Project_1-LUMINAIRE-D_Symbol,2640.0000,-240.0000,144.0000,90
1,AGI32-IDcx4qny-Project_1-LUMINAIRE-D_Symbol,2232.0000,-324.0000,144.0000,90
1,AGI32-IDcx4qny-Project_1-LUMINAIRE-D_Symbol,2352.0000,-324.0000,144.0000,90
1,AGI32-IDcx4qny-Project_1-LUMINAIRE-D_Symbol,2760.0000,-240.0000,144.0000,90
1,AGI32-IDcx4qny-Project_1-LUMINAIRE-D_Symbol,2640.0000,-324.0000,144.0000,90
1,AGI32-IDcx4qny-Project_1-LUMINAIRE-D_Symbol,2760.0000,-324.0000,144.0000,90
1,AGI32-IDcx4qny-Project_1-LUMINAIRE-D_Symbol,2880.0000,-240.0000,144.0000,90
1,AGI32-IDcx4qny-Project_1-LUMINAIRE-D_Symbol,2520.0000,-324.0000,144.0000,90
1,AGI32-IDcx4qny-Project_1-LUMINAIRE-D_Symbol,2112.0000,-240.0000,144.0000,90
1,AGI32-IDcx4qny-Project_1-LUMINAIRE-D_Symbol,2232.0000,-240.0000,144.0000,90
1,AGI32-IDcx4qny-Project_1-LUMINAIRE-D_Symbol,1872.0000,-240.0000,144.0000,90
1,AGI32-IDcx4qny-Project_1-LUMINAIRE-D_Symbol,1992.0000,-240.0000,144.0000,90
1,AGI32-IDcx4qny-Project_1-LUMINAIRE-D_Symbol,2352.0000,-240.0000,144.0000,90
1,AGI32-IDcx4qny-Project_1-LUMINAIRE-D_Symbol,1992.0000,-324.0000,144.0000,90
1,AGI32-IDcx4qny-Project_1-LUMINAIRE-D_Symbol,2112.0000,-324.0000,144.0000,90
1,AGI32-IDcx4qny-Project_1-LUMINAIRE-D_Symbol,1752.0000,-324.0000,144.0000,90
1,AGI32-IDcx4qny-Project_1-LUMINAIRE-D_Symbol,1872.0000,-324.0000,144.0000,90
1,AGI32-IDcx4qny-Project_1-LUMINAIRE-RB1_Symbol,3021.1200,-145.1760,120.0000,0
1,AGI32-IDcx4qny-Project_1-LUMINAIRE-ZG_Symbol,3456.0000,-288.0000,120.0000,90
1,AGI32-IDcx4qny-Project_1-LUMINAIRE-ZG_Symbol,3528.0000,-288.0000,120.0000,90
1,AGI32-IDcx4qny-Project_1-LUMINAIRE-ZG_Symbol,3288.0000,-300.0000,120.0000,0
1,AGI32-IDcx4qny-Project_1-LUMINAIRE-ZG_Symbol,3384.0000,-288.0000,120.0000,90
1,AGI32-IDcx4qny-Project_1-LUMINAIRE-ZG_Symbol,3456.0000,-192.0000,120.0000,0
1,AGI32-IDcx4qny-Project_1-LUMINAIRE-ZG_Symbol,3612.0000,-288.0000,120.0000,0
1,AGI32-IDcx4qny-Project_1-LUMINAIRE-ZG_Symbol,3576.0000,-72.0000,120.0000,0
1,AGI32-IDcx4qny-Project_1-LUMINAIRE-ZG_Symbol,3456.0000,-96.0000,120.0000,0
1,AGI32-IDcx4qny-Project_1-LUMINAIRE-ZG_Symbol,3612.0000,-216.0000,120.0000,0
1,AGI32-IDcx4qny-Project_1-LUMINAIRE-RA_Symbol,4500.0000,324.0000,120.0000,90
1,AGI32-IDcx4qny-Project_1-LUMINAIRE-RA_Symbol,4500.0000,276.0000,120.0000,90
1,AGI32-IDcx4qny-Project_1-LUMINAIRE-RA_Symbol,4500.0000,420.0000,120.0000,90
1,AGI32-IDcx4qny-Project_1-LUMINAIRE-RA_Symbol,4500.0000,372.0000,120.0000,90
1,AGI32-IDcx4qny-Project_1-LUMINAIRE-RA_Symbol,4500.0000,228.0000,120.0000,90
1,AGI32-IDcx4qny-Project_1-LUMINAIRE-ZG_Symbol,3288.0000,-228.0000,120.0000,0
1,AGI32-IDcx4qny-Project_1-LUMINAIRE-ZG_Symbol,3360.0000,-120.0000,120.0000,90
1,AGI32-IDcx4qny-Project_1-LUMINAIRE-ZG_Symbol,2400.0000,-120.0000,120.0000,90
1,AGI32-IDcx4qny-Project_1-LUMINAIRE-ZG_Symbol,3264.0000,-120.0000,120.0000,90
1,AGI32-IDcx4qny-Project_1-LUMINAIRE-RB_Symbol,2721.7920,-95.1600,120.0000,0
1,AGI32-IDcx4qny-Project_1-LUMINAIRE-RB_Symbol,2604.2040,-161.9760,120.0000,0
1,AGI32-IDcx4qny-Project_1-LUMINAIRE-RB1_Symbol,2874.3600,-80.5920,120.0000,0
1,AGI32-IDcx4qny-Project_1-LUMINAIRE-RB_Symbol,2665.1880,-95.1600,120.0000,0
1,AGI32-IDcx4qny-Project_1-LUMINAIRE-RB_Symbol,2704.2240,-161.9760,120.0000,0
1,AGI32-IDcx4qny-Project_1-LUMINAIRE-RB1_Symbol,2957.7360,-70.0320,120.0000,0
1,AGI32-IDcx4qny-Project_1-LUMINAIRE-RB1_Symbol,2957.7360,-161.5080,120.0000,0
1,AGI32-IDcx4qny-Project_1-LUMINAIRE-RB_Symbol,2804.2320,-161.9760,120.0000,0
1,AGI32-IDcx4qny-Project_1-LUMINAIRE-RB_Symbol,2904.2520,-161.9760,120.0000,0
1,AGI32-IDcx4qny-Project_1-LUMINAIRE-ZG_Symbol,2544.0000,-120.0000,120.0000,90
1,AGI32-IDcx4qny-Project_1-LUMINAIRE-C_Symbol,1992.0000,-108.0000,216.0000,0
1,AGI32-IDcx4qny-Project_1-LUMINAIRE-ZG_Symbol,3576.0000,-144.0000,120.0000,0
1,AGI32-IDcx4qny-Project_1-LUMINAIRE-ZG_Symbol,2472.0000,-120.0000,120.0000,90
1,AGI32-IDcx4qny-Project_1-LUMINAIRE-C_Symbol,1872.0000,-108.0000,216.0000,0
1,AGI32-IDcx4qny-Project_1-LUMINAIRE-RB1_Symbol,2804.6400,-80.5920,120.0000,0
1,AGI32-IDcx4qny-Project_1-LUMINAIRE-RB1_Symbol,2839.1280,-80.5920,120.0000,0
1,AGI32-IDcx4qny-Project_1-LUMINAIRE-RB_Symbol,2604.4440,-95.1600,120.0000,0
1,AGI32-IDcx4qny-Project_1-LUMINAIRE-RB1_Symbol,2767.9560,-80.5920,120.0000,0
1,AGI32-IDcx4qny-Project_1-LUMINAIRE-D_Symbol,2880.0000,-324.0000,144.0000,90
1,AGI32-IDcx4qny-Project_1-LUMINAIRE-WM2_Symbol,869.8080,406.6920,96.0000,90
1,AGI32-IDcx4qny-Project_1-LUMINAIRE-WM2_Symbol,946.2000,406.6920,96.0000,90
1,AGI32-IDcx4qny-Project_1-LUMINAIRE-WM1_Symbol,1321.6680,327.9360,96.0000,0
1,AGI32-IDcx4qny-Project_1-LUMINAIRE-WM1_Symbol,1323.8880,132.9360,96.0000,0
1,AGI32-IDcx4qny-Project_1-LUMINAIRE-WM2_Symbol,1022.1240,406.6920,96.0000,90
1,AGI32-IDcx4qny-Project_1-LUMINAIRE-P1_Symbol,765.7920,357.7200,168.0000,0
1,AGI32-IDcx4qny-Project_1-LUMINAIRE-P2_Symbol,1206.0120,357.7200,108.0000,0
1,AGI32-IDcx4qny-Project_1-LUMINAIRE-P1_Symbol,1117.9680,357.7200,168.0000,0
1,AGI32-IDcx4qny-Project_1-LUMINAIRE-P1_Symbol,941.8800,357.7200,168.0000,0
1,AGI32-IDcx4qny-Project_1-LUMINAIRE-RD_Symbol,1080.0000,-60.0000,120.0000,0
1,AGI32-IDcx4qny-Project_1-LUMINAIRE-RD_Symbol,1176.0000,-60.0000,120.0000,0
1,AGI32-IDcx4qny-Project_1-LUMINAIRE-RD_Symbol,888.0000,-60.0000,120.0000,0
1,AGI32-IDcx4qny-Project_1-LUMINAIRE-RD_Symbol,984.0000,-60.0000,120.0000,0
1,AGI32-IDcx4qny-Project_1-LUMINAIRE-RD_Symbol,1272.0000,-168.0000,120.0000,0
1,AGI32-IDcx4qny-Project_1-LUMINAIRE-WM1_Symbol,706.2840,410.2320,96.0000,0
1,AGI32-IDcx4qny-Project_1-LUMINAIRE-WM1_Symbol,1197.1080,410.2320,96.0000,0
1,AGI32-IDcx4qny-Project_1-LUMINAIRE-RD_Symbol,1272.0000,-276.0000,120.0000,0
1,AGI32-IDcx4qny-Project_1-LUMINAIRE-RD_Symbol,1272.0000,-60.0000,120.0000,0
1,AGI32-IDcx4qny-Project_1-LUMINAIRE-P1_Symbol,941.8800,141.7200,168.0000,0
1,AGI32-IDcx4qny-Project_1-LUMINAIRE-P1_Symbol,765.7920,141.7200,168.0000,0
1,AGI32-IDcx4qny-Project_1-LUMINAIRE-P2_Symbol,677.7480,249.7200,108.0000,0
1,AGI32-IDcx4qny-Project_1-LUMINAIRE-P1_Symbol,1117.9680,141.7200,168.0000,0
1,AGI32-IDcx4qny-Project_1-LUMINAIRE-P2_Symbol,1206.0120,141.7200,108.0000,0
1,AGI32-IDcx4qny-Project_1-LUMINAIRE-P2_Symbol,677.7480,141.7200,108.0000,0
1,AGI32-IDcx4qny-Project_1-LUMINAIRE-P1_Symbol,941.8800,33.7200,168.0000,0
1,AGI32-IDcx4qny-Project_1-LUMINAIRE-P2_Symbol,1029.9240,141.7200,108.0000,0
1,AGI32-IDcx4qny-Project_1-LUMINAIRE-P2_Symbol,853.8360,141.7200,108.0000,0
1,AGI32-IDcx4qny-Project_1-LUMINAIRE-P2_Symbol,677.7480,357.7200,108.0000,0
1,AGI32-IDcx4qny-Project_1-LUMINAIRE-P1_Symbol,1117.9680,249.7200,168.0000,0
1,AGI32-IDcx4qny-Project_1-LUMINAIRE-P2_Symbol,1029.9240,357.7200,108.0000,0
1,AGI32-IDcx4qny-Project_1-LUMINAIRE-P2_Symbol,853.8360,357.7200,108.0000,0
1,AGI32-IDcx4qny-Project_1-LUMINAIRE-P1_Symbol,941.8800,249.7200,168.0000,0
1,AGI32-IDcx4qny-Project_1-LUMINAIRE-P2_Symbol,1029.9240,249.7200,108.0000,0
1,AGI32-IDcx4qny-Project_1-LUMINAIRE-P2_Symbol,853.8360,249.7200,108.0000,0
1,AGI32-IDcx4qny-Project_1-LUMINAIRE-P1_Symbol,765.7920,249.7200,168.0000,0
1,AGI32-IDcx4qny-Project_1-LUMINAIRE-P2_Symbol,1206.0120,249.7200,108.0000,0
1,AGI32-IDcx4qny-Project_1-LUMINAIRE-RD_Symbol,792.0000,-60.0000,120.0000,0
1,AGI32-IDcx4qny-Project_1-LUMINAIRE-RD_Symbol,4296.0000,-72.0000,120.0000,0
1,AGI32-IDcx4qny-Project_1-LUMINAIRE-RD_Symbol,4392.0000,-72.0000,120.0000,0
1,AGI32-IDcx4qny-Project_1-LUMINAIRE-RD_Symbol,4104.0000,-72.0000,120.0000,0
1,AGI32-IDcx4qny-Project_1-LUMINAIRE-RD_Symbol,4200.0000,-72.0000,120.0000,0
1,AGI32-IDcx4qny-Project_1-LUMINAIRE-RD_Symbol,4488.0000,-72.0000,120.0000,0
1,AGI32-IDcx4qny-Project_1-LUMINAIRE-RD_Symbol,4200.0000,-288.0000,120.0000,0
1,AGI32-IDcx4qny-Project_1-LUMINAIRE-RD_Symbol,4296.0000,-288.0000,120.0000,0
1,AGI32-IDcx4qny-Project_1-LUMINAIRE-RD_Symbol,4008.0000,-288.0000,120.0000,0
1,AGI32-IDcx4qny-Project_1-LUMINAIRE-RD_Symbol,4104.0000,-288.0000,120.0000,0
1,AGI32-IDcx4qny-Project_1-LUMINAIRE-RD_Symbol,4008.0000,-180.0000,120.0000,0
1,AGI32-IDcx4qny-Project_1-LUMINAIRE-RD_Symbol,4104.0000,-180.0000,120.0000,0
1,AGI32-IDcx4qny-Project_1-LUMINAIRE-PB_Symbol,1608.0000,-96.0000,216.0000,0
1,AGI32-IDcx4qny-Project_1-LUMINAIRE-PB_Symbol,1608.0000,-240.0000,216.0000,0
1,AGI32-IDcx4qny-Project_1-LUMINAIRE-RD_Symbol,4200.0000,-180.0000,120.0000,0
1,AGI32-IDcx4qny-Project_1-LUMINAIRE-RD_Symbol,4488.0000,-180.0000,120.0000,0
1,AGI32-IDcx4qny-Project_1-LUMINAIRE-RD_Symbol,4008.0000,-72.0000,120.0000,0
1,AGI32-IDcx4qny-Project_1-LUMINAIRE-RD_Symbol,4296.0000,-180.0000,120.0000,0
1,AGI32-IDcx4qny-Project_1-LUMINAIRE-RD_Symbol,4392.0000,-180.0000,120.0000,0
1,AGI32-IDcx4qny-Project_1-LUMINAIRE-RD_Symbol,792.0000,-276.0000,120.0000,0
1,AGI32-IDcx4qny-Project_1-LUMINAIRE-RD_Symbol,888.0000,-276.0000,120.0000,0
1,AGI32-IDcx4qny-Project_1-LUMINAIRE-RD_Symbol,600.0000,-276.0000,120.0000,0
1,AGI32-IDcx4qny-Project_1-LUMINAIRE-RD_Symbol,696.0000,-276.0000,120.0000,0
1,AGI32-IDcx4qny-Project_1-LUMINAIRE-RD_Symbol,984.0000,-276.0000,120.0000,0
1,AGI32-IDcx4qny-Project_1-LUMINAIRE-RD_Symbol,600.0000,-60.0000,120.0000,0
1,AGI32-IDcx4qny-Project_1-LUMINAIRE-RD_Symbol,696.0000,-60.0000,120.0000,0
1,AGI32-IDcx4qny-Project_1-LUMINAIRE-RD_Symbol,1080.0000,-276.0000,120.0000,0
1,AGI32-IDcx4qny-Project_1-LUMINAIRE-RD_Symbol,1176.0000,-276.0000,120.0000,0
1,AGI32-IDcx4qny-Project_1-LUMINAIRE-RD_Symbol,600.0000,-168.0000,120.0000,0
1,AGI32-IDcx4qny-Project_1-LUMINAIRE-RD_Symbol,696.0000,-168.0000,120.0000,0
1,AGI32-IDcx4qny-Project_1-LUMINAIRE-RD_Symbol,4392.0000,-288.0000,120.0000,0
1,AGI32-IDcx4qny-Project_1-LUMINAIRE-RD_Symbol,4488.0000,-288.0000,120.0000,0
1,AGI32-IDcx4qny-Project_1-LUMINAIRE-RD_Symbol,792.0000,-168.0000,120.0000,0
1,AGI32-IDcx4qny-Project_1-LUMINAIRE-RD_Symbol,1080.0000,-168.0000,120.0000,0
1,AGI32-IDcx4qny-Project_1-LUMINAIRE-RD_Symbol,1176.0000,-168.0000,120.0000,0
1,AGI32-IDcx4qny-Project_1-LUMINAIRE-RD_Symbol,888.0000,-168.0000,120.0000,0
1,AGI32-IDcx4qny-Project_1-LUMINAIRE-RD_Symbol,984.0000,-168.0000,120.0000,0
1,AGI32-IDcx4qny-Project_1-LUMINAIRE-C_Symbol,1104.0000,528.0000,216.0000,0
1,AGI32-IDcx4qny-Project_1-LUMINAIRE-C_Symbol,3492.0000,2496.0000,216.0000,0
1,AGI32-IDcx4qny-Project_1-LUMINAIRE-C_Symbol,3372.0000,2496.0000,216.0000,0
1,AGI32-IDcx4qny-Project_1-LUMINAIRE-C_Symbol,2292.0000,2256.0000,216.0000,0
1,AGI32-IDcx4qny-Project_1-LUMINAIRE-C_Symbol,3612.0000,2496.0000,216.0000,0
1,AGI32-IDcx4qny-Project_1-LUMINAIRE-C_Symbol,3252.0000,2496.0000,216.0000,0
1,AGI32-IDcx4qny-Project_1-LUMINAIRE-C_Symbol,2892.0000,2496.0000,216.0000,0
1,AGI32-IDcx4qny-Project_1-LUMINAIRE-C_Symbol,2772.0000,2496.0000,216.0000,0
1,AGI32-IDcx4qny-Project_1-LUMINAIRE-C_Symbol,3132.0000,2496.0000,216.0000,0
1,AGI32-IDcx4qny-Project_1-LUMINAIRE-C_Symbol,3012.0000,2496.0000,216.0000,0
1,AGI32-IDcx4qny-Project_1-LUMINAIRE-C_Symbol,3132.0000,2256.0000,216.0000,0
1,AGI32-IDcx4qny-Project_1-LUMINAIRE-C_Symbol,3012.0000,2256.0000,216.0000,0
1,AGI32-IDcx4qny-Project_1-LUMINAIRE-C_Symbol,3372.0000,2256.0000,216.0000,0
1,AGI32-IDcx4qny-Project_1-LUMINAIRE-C_Symbol,3252.0000,2256.0000,216.0000,0
1,AGI32-IDcx4qny-Project_1-LUMINAIRE-C_Symbol,2892.0000,2256.0000,216.0000,0
1,AGI32-IDcx4qny-Project_1-LUMINAIRE-C_Symbol,2532.0000,2256.0000,216.0000,0
1,AGI32-IDcx4qny-Project_1-LUMINAIRE-C_Symbol,2412.0000,2256.0000,216.0000,0
1,AGI32-IDcx4qny-Project_1-LUMINAIRE-C_Symbol,2772.0000,2256.0000,216.0000,0
1,AGI32-IDcx4qny-Project_1-LUMINAIRE-C_Symbol,2652.0000,2256.0000,216.0000,0
1,AGI32-IDcx4qny-Project_1-LUMINAIRE-C_Symbol,2832.0000,1164.0000,216.0000,0
1,AGI32-IDcx4qny-Project_1-LUMINAIRE-C_Symbol,2712.0000,1164.0000,216.0000,0
1,AGI32-IDcx4qny-Project_1-LUMINAIRE-C_Symbol,3072.0000,1164.0000,216.0000,0
1,AGI32-IDcx4qny-Project_1-LUMINAIRE-C_Symbol,2952.0000,1164.0000,216.0000,0
1,AGI32-IDcx4qny-Project_1-LUMINAIRE-C_Symbol,2592.0000,1164.0000,216.0000,0
1,AGI32-IDcx4qny-Project_1-LUMINAIRE-C_Symbol,3612.0000,1284.0000,216.0000,0
1,AGI32-IDcx4qny-Project_1-LUMINAIRE-C_Symbol,3492.0000,1284.0000,216.0000,0
1,AGI32-IDcx4qny-Project_1-LUMINAIRE-C_Symbol,2472.0000,1164.0000,216.0000,0
1,AGI32-IDcx4qny-Project_1-LUMINAIRE-C_Symbol,2352.0000,1164.0000,216.0000,0
1,AGI32-IDcx4qny-Project_1-LUMINAIRE-C_Symbol,2412.0000,2496.0000,216.0000,0
1,AGI32-IDcx4qny-Project_1-LUMINAIRE-C_Symbol,2292.0000,2496.0000,216.0000,0
1,AGI32-IDcx4qny-Project_1-LUMINAIRE-C_Symbol,2652.0000,2496.0000,216.0000,0
1,AGI32-IDcx4qny-Project_1-LUMINAIRE-C_Symbol,2532.0000,2496.0000,216.0000,0
1,AGI32-IDcx4qny-Project_1-LUMINAIRE-C_Symbol,3672.0000,1164.0000,216.0000,0
1,AGI32-IDcx4qny-Project_1-LUMINAIRE-C_Symbol,3312.0000,1164.0000,216.0000,0
1,AGI32-IDcx4qny-Project_1-LUMINAIRE-C_Symbol,3192.0000,1164.0000,216.0000,0
1,AGI32-IDcx4qny-Project_1-LUMINAIRE-C_Symbol,3552.0000,1164.0000,216.0000,0
1,AGI32-IDcx4qny-Project_1-LUMINAIRE-C_Symbol,3432.0000,1164.0000,216.0000,0
1,AGI32-IDcx4qny-Project_1-LUMINAIRE-C_Symbol,3492.0000,2256.0000,216.0000,0
1,AGI32-IDcx4qny-Project_1-LUMINAIRE-C_Symbol,3612.0000,2016.0000,216.0000,0
1,AGI32-IDcx4qny-Project_1-LUMINAIRE-C_Symbol,3492.0000,2016.0000,216.0000,0
1,AGI32-IDcx4qny-Project_1-LUMINAIRE-C_Symbol,2472.0000,2136.0000,216.0000,0
1,AGI32-IDcx4qny-Project_1-LUMINAIRE-C_Symbol,2352.0000,2136.0000,216.0000,0
1,AGI32-IDcx4qny-Project_1-LUMINAIRE-C_Symbol,3372.0000,2016.0000,216.0000,0
1,AGI32-IDcx4qny-Project_1-LUMINAIRE-C_Symbol,3012.0000,2016.0000,216.0000,0
1,AGI32-IDcx4qny-Project_1-LUMINAIRE-C_Symbol,2892.0000,2016.0000,216.0000,0
1,AGI32-IDcx4qny-Project_1-LUMINAIRE-C_Symbol,3252.0000,2016.0000,216.0000,0
1,AGI32-IDcx4qny-Project_1-LUMINAIRE-C_Symbol,3132.0000,2016.0000,216.0000,0
1,AGI32-IDcx4qny-Project_1-LUMINAIRE-C_Symbol,3312.0000,2136.0000,216.0000,0
1,AGI32-IDcx4qny-Project_1-LUMINAIRE-C_Symbol,3192.0000,2136.0000,216.0000,0
1,AGI32-IDcx4qny-Project_1-LUMINAIRE-C_Symbol,3552.0000,2136.0000,216.0000,0
1,AGI32-IDcx4qny-Project_1-LUMINAIRE-C_Symbol,3432.0000,2136.0000,216.0000,0
1,AGI32-IDcx4qny-Project_1-LUMINAIRE-C_Symbol,3072.0000,2136.0000,216.0000,0
1,AGI32-IDcx4qny-Project_1-LUMINAIRE-C_Symbol,2712.0000,2136.0000,216.0000,0
1,AGI32-IDcx4qny-Project_1-LUMINAIRE-C_Symbol,2592.0000,2136.0000,216.0000,0
1,AGI32-IDcx4qny-Project_1-LUMINAIRE-C_Symbol,2952.0000,2136.0000,216.0000,0
1,AGI32-IDcx4qny-Project_1-LUMINAIRE-C_Symbol,2832.0000,2136.0000,216.0000,0
1,AGI32-IDcx4qny-Project_1-LUMINAIRE-C_Symbol,2952.0000,2376.0000,216.0000,0
1,AGI32-IDcx4qny-Project_1-LUMINAIRE-C_Symbol,2832.0000,2376.0000,216.0000,0
1,AGI32-IDcx4qny-Project_1-LUMINAIRE-C_Symbol,3192.0000,2376.0000,216.0000,0
1,AGI32-IDcx4qny-Project_1-LUMINAIRE-C_Symbol,3072.0000,2376.0000,216.0000,0
1,AGI32-IDcx4qny-Project_1-LUMINAIRE-C_Symbol,2712.0000,2376.0000,216.0000,0
1,AGI32-IDcx4qny-Project_1-LUMINAIRE-C_Symbol,2352.0000,2376.0000,216.0000,0
1,AGI32-IDcx4qny-Project_1-LUMINAIRE-C_Symbol,3612.0000,2256.0000,216.0000,0
1,AGI32-IDcx4qny-Project_1-LUMINAIRE-C_Symbol,2592.0000,2376.0000,216.0000,0
1,AGI32-IDcx4qny-Project_1-LUMINAIRE-C_Symbol,2472.0000,2376.0000,216.0000,0
1,AGI32-IDcx4qny-Project_1-LUMINAIRE-C_Symbol,2532.0000,2016.0000,216.0000,0
1,AGI32-IDcx4qny-Project_1-LUMINAIRE-C_Symbol,2412.0000,2016.0000,216.0000,0
1,AGI32-IDcx4qny-Project_1-LUMINAIRE-C_Symbol,2772.0000,2016.0000,216.0000,0
1,AGI32-IDcx4qny-Project_1-LUMINAIRE-C_Symbol,2652.0000,2016.0000,216.0000,0
1,AGI32-IDcx4qny-Project_1-LUMINAIRE-C_Symbol,2292.0000,2016.0000,216.0000,0
1,AGI32-IDcx4qny-Project_1-LUMINAIRE-C_Symbol,3432.0000,2376.0000,216.0000,0
1,AGI32-IDcx4qny-Project_1-LUMINAIRE-C_Symbol,3312.0000,2376.0000,216.0000,0
1,AGI32-IDcx4qny-Project_1-LUMINAIRE-C_Symbol,3672.0000,2376.0000,216.0000,0
1,AGI32-IDcx4qny-Project_1-LUMINAIRE-C_Symbol,3552.0000,2376.0000,216.0000,0
1,AGI32-IDcx4qny-Project_1-LUMINAIRE-C_Symbol,3372.0000,1284.0000,216.0000,0
1,AGI32-IDcx4qny-Project_1-LUMINAIRE-C_Symbol,3252.0000,804.0000,216.0000,0
1,AGI32-IDcx4qny-Project_1-LUMINAIRE-C_Symbol,3132.0000,804.0000,216.0000,0
1,AGI32-IDcx4qny-Project_1-LUMINAIRE-C_Symbol,3492.0000,804.0000,216.0000,0
1,AGI32-IDcx4qny-Project_1-LUMINAIRE-C_Symbol,3372.0000,804.0000,216.0000,0
1,AGI32-IDcx4qny-Project_1-LUMINAIRE-C_Symbol,3012.0000,804.0000,216.0000,0
1,AGI32-IDcx4qny-Project_1-LUMINAIRE-C_Symbol,2652.0000,804.0000,216.0000,0
1,AGI32-IDcx4qny-Project_1-LUMINAIRE-C_Symbol,2532.0000,804.0000,216.0000,0
1,AGI32-IDcx4qny-Project_1-LUMINAIRE-C_Symbol,2892.0000,804.0000,216.0000,0
1,AGI32-IDcx4qny-Project_1-LUMINAIRE-C_Symbol,2772.0000,804.0000,216.0000,0
1,AGI32-IDcx4qny-Project_1-LUMINAIRE-C_Symbol,2952.0000,684.0000,216.0000,0
1,AGI32-IDcx4qny-Project_1-LUMINAIRE-C_Symbol,2832.0000,684.0000,216.0000,0
1,AGI32-IDcx4qny-Project_1-LUMINAIRE-C_Symbol,3192.0000,684.0000,216.0000,0
1,AGI32-IDcx4qny-Project_1-LUMINAIRE-C_Symbol,3072.0000,684.0000,216.0000,0
1,AGI32-IDcx4qny-Project_1-LUMINAIRE-C_Symbol,2712.0000,684.0000,216.0000,0
1,AGI32-IDcx4qny-Project_1-LUMINAIRE-C_Symbol,2352.0000,684.0000,216.0000,0
1,AGI32-IDcx4qny-Project_1-LUMINAIRE-C_Symbol,3612.0000,804.0000,216.0000,0
1,AGI32-IDcx4qny-Project_1-LUMINAIRE-C_Symbol,2592.0000,684.0000,216.0000,0
1,AGI32-IDcx4qny-Project_1-LUMINAIRE-C_Symbol,2472.0000,684.0000,216.0000,0
1,AGI32-IDcx4qny-Project_1-LUMINAIRE-C_Symbol,2616.0000,552.0000,216.0000,0
1,AGI32-IDcx4qny-Project_1-LUMINAIRE-C_Symbol,2496.0000,552.0000,216.0000,0
1,AGI32-IDcx4qny-Project_1-LUMINAIRE-C_Symbol,2856.0000,552.0000,216.0000,0
1,AGI32-IDcx4qny-Project_1-LUMINAIRE-C_Symbol,2736.0000,552.0000,216.0000,0
1,AGI32-IDcx4qny-Project_1-LUMINAIRE-C_Symbol,2376.0000,552.0000,216.0000,0
1,AGI32-IDcx4qny-Project_1-LUMINAIRE-C_Symbol,2016.0000,552.0000,216.0000,0
1,AGI32-IDcx4qny-Project_1-LUMINAIRE-C_Symbol,1896.0000,552.0000,216.0000,0
1,AGI32-IDcx4qny-Project_1-LUMINAIRE-C_Symbol,2256.0000,552.0000,216.0000,0
1,AGI32-IDcx4qny-Project_1-LUMINAIRE-C_Symbol,2136.0000,552.0000,216.0000,0
1,AGI32-IDcx4qny-Project_1-LUMINAIRE-C_Symbol,3696.0000,552.0000,216.0000,0
1,AGI32-IDcx4qny-Project_1-LUMINAIRE-C_Symbol,3576.0000,552.0000,216.0000,0
1,AGI32-IDcx4qny-Project_1-LUMINAIRE-C_Symbol,2412.0000,804.0000,216.0000,0
1,AGI32-IDcx4qny-Project_1-LUMINAIRE-C_Symbol,2292.0000,804.0000,216.0000,0
1,AGI32-IDcx4qny-Project_1-LUMINAIRE-C_Symbol,3456.0000,552.0000,216.0000,0
1,AGI32-IDcx4qny-Project_1-LUMINAIRE-C_Symbol,3096.0000,552.0000,216.0000,0
1,AGI32-IDcx4qny-Project_1-LUMINAIRE-C_Symbol,2976.0000,552.0000,216.0000,0
1,AGI32-IDcx4qny-Project_1-LUMINAIRE-C_Symbol,3336.0000,552.0000,216.0000,0
1,AGI32-IDcx4qny-Project_1-LUMINAIRE-C_Symbol,3216.0000,552.0000,216.0000,0
1,AGI32-IDcx4qny-Project_1-LUMINAIRE-C_Symbol,3312.0000,684.0000,216.0000,0
1,AGI32-IDcx4qny-Project_1-LUMINAIRE-C_Symbol,3432.0000,924.0000,216.0000,0
1,AGI32-IDcx4qny-Project_1-LUMINAIRE-C_Symbol,3312.0000,924.0000,216.0000,0
1,AGI32-IDcx4qny-Project_1-LUMINAIRE-C_Symbol,3672.0000,924.0000,216.0000,0
1,AGI32-IDcx4qny-Project_1-LUMINAIRE-C_Symbol,3552.0000,924.0000,216.0000,0
1,AGI32-IDcx4qny-Project_1-LUMINAIRE-C_Symbol,3192.0000,924.0000,216.0000,0
1,AGI32-IDcx4qny-Project_1-LUMINAIRE-C_Symbol,2832.0000,924.0000,216.0000,0
1,AGI32-IDcx4qny-Project_1-LUMINAIRE-C_Symbol,2712.0000,924.0000,216.0000,0
1,AGI32-IDcx4qny-Project_1-LUMINAIRE-C_Symbol,3072.0000,924.0000,216.0000,0
1,AGI32-IDcx4qny-Project_1-LUMINAIRE-C_Symbol,2952.0000,924.0000,216.0000,0
1,AGI32-IDcx4qny-Project_1-LUMINAIRE-C_Symbol,3012.0000,1284.0000,216.0000,0
1,AGI32-IDcx4qny-Project_1-LUMINAIRE-C_Symbol,2892.0000,1284.0000,216.0000,0
1,AGI32-IDcx4qny-Project_1-LUMINAIRE-C_Symbol,3252.0000,1284.0000,216.0000,0
1,AGI32-IDcx4qny-Project_1-LUMINAIRE-C_Symbol,3132.0000,1284.0000,216.0000,0
1,AGI32-IDcx4qny-Project_1-LUMINAIRE-C_Symbol,2772.0000,1284.0000,216.0000,0
1,AGI32-IDcx4qny-Project_1-LUMINAIRE-C_Symbol,2412.0000,1284.0000,216.0000,0
1,AGI32-IDcx4qny-Project_1-LUMINAIRE-C_Symbol,2292.0000,1284.0000,216.0000,0
1,AGI32-IDcx4qny-Project_1-LUMINAIRE-C_Symbol,2652.0000,1284.0000,216.0000,0
1,AGI32-IDcx4qny-Project_1-LUMINAIRE-C_Symbol,2532.0000,1284.0000,216.0000,0
1,AGI32-IDcx4qny-Project_1-LUMINAIRE-C_Symbol,2652.0000,1044.0000,216.0000,0
1,AGI32-IDcx4qny-Project_1-LUMINAIRE-C_Symbol,2532.0000,1044.0000,216.0000,0
1,AGI32-IDcx4qny-Project_1-LUMINAIRE-C_Symbol,2892.0000,1044.0000,216.0000,0
1,AGI32-IDcx4qny-Project_1-LUMINAIRE-C_Symbol,2772.0000,1044.0000,216.0000,0
1,AGI32-IDcx4qny-Project_1-LUMINAIRE-C_Symbol,2412.0000,1044.0000,216.0000,0
1,AGI32-IDcx4qny-Project_1-LUMINAIRE-C_Symbol,3552.0000,684.0000,216.0000,0
1,AGI32-IDcx4qny-Project_1-LUMINAIRE-C_Symbol,3432.0000,684.0000,216.0000,0
1,AGI32-IDcx4qny-Project_1-LUMINAIRE-C_Symbol,2292.0000,1044.0000,216.0000,0
1,AGI32-IDcx4qny-Project_1-LUMINAIRE-C_Symbol,3672.0000,684.0000,216.0000,0
1,AGI32-IDcx4qny-Project_1-LUMINAIRE-C_Symbol,2352.0000,924.0000,216.0000,0
1,AGI32-IDcx4qny-Project_1-LUMINAIRE-C_Symbol,3612.0000,1044.0000,216.0000,0
1,AGI32-IDcx4qny-Project_1-LUMINAIRE-C_Symbol,2592.0000,924.0000,216.0000,0
1,AGI32-IDcx4qny-Project_1-LUMINAIRE-C_Symbol,2472.0000,924.0000,216.0000,0
1,AGI32-IDcx4qny-Project_1-LUMINAIRE-C_Symbol,3492.0000,1044.0000,216.0000,0
1,AGI32-IDcx4qny-Project_1-LUMINAIRE-C_Symbol,3132.0000,1044.0000,216.0000,0
1,AGI32-IDcx4qny-Project_1-LUMINAIRE-C_Symbol,3012.0000,1044.0000,216.0000,0
1,AGI32-IDcx4qny-Project_1-LUMINAIRE-C_Symbol,3372.0000,1044.0000,216.0000,0
1,AGI32-IDcx4qny-Project_1-LUMINAIRE-C_Symbol,3252.0000,1044.0000,216.0000,0
1,AGI32-IDcx4qny-Project_1-LUMINAIRE-C_Symbol,3912.0000,2028.0000,216.0000,90
1,AGI32-IDcx4qny-Project_1-LUMINAIRE-C_Symbol,3912.0000,1908.0000,216.0000,90
1,AGI32-IDcx4qny-Project_1-LUMINAIRE-C_Symbol,3912.0000,2268.0000,216.0000,90
1,AGI32-IDcx4qny-Project_1-LUMINAIRE-C_Symbol,3912.0000,2148.0000,216.0000,90
1,AGI32-IDcx4qny-Project_1-LUMINAIRE-C_Symbol,3912.0000,1788.0000,216.0000,90
1,AGI32-IDcx4qny-Project_1-LUMINAIRE-C_Symbol,3912.0000,1428.0000,216.0000,90
1,AGI32-IDcx4qny-Project_1-LUMINAIRE-C_Symbol,3912.0000,1308.0000,216.0000,90
1,AGI32-IDcx4qny-Project_1-LUMINAIRE-C_Symbol,3912.0000,1668.0000,216.0000,90
1,AGI32-IDcx4qny-Project_1-LUMINAIRE-C_Symbol,3912.0000,1548.0000,216.0000,90
1,AGI32-IDcx4qny-Project_1-LUMINAIRE-C_Symbol,3960.0000,2616.0000,216.0000,0
1,AGI32-IDcx4qny-Project_1-LUMINAIRE-C_Symbol,4128.0000,2616.0000,216.0000,0
1,AGI32-IDcx4qny-Project_1-LUMINAIRE-C_Symbol,3624.0000,2616.0000,216.0000,0
1,AGI32-IDcx4qny-Project_1-LUMINAIRE-C_Symbol,3792.0000,2616.0000,216.0000,0
1,AGI32-IDcx4qny-Project_1-LUMINAIRE-C_Symbol,4296.0000,2616.0000,216.0000,0
1,AGI32-IDcx4qny-Project_1-LUMINAIRE-C_Symbol,3912.0000,2508.0000,216.0000,90
1,AGI32-IDcx4qny-Project_1-LUMINAIRE-C_Symbol,3912.0000,2388.0000,216.0000,90
1,AGI32-IDcx4qny-Project_1-LUMINAIRE-C_Symbol,4464.0000,2616.0000,216.0000,0
1,AGI32-IDcx4qny-Project_1-LUMINAIRE-C_Symbol,4632.0000,2616.0000,216.0000,0
1,AGI32-IDcx4qny-Project_1-LUMINAIRE-C_Symbol,3792.0000,2388.0000,216.0000,90
1,AGI32-IDcx4qny-Project_1-LUMINAIRE-C_Symbol,3792.0000,2268.0000,216.0000,90
1,AGI32-IDcx4qny-Project_1-LUMINAIRE-C_Symbol,3912.0000,108.0000,216.0000,90
1,AGI32-IDcx4qny-Project_1-LUMINAIRE-C_Symbol,3792.0000,2508.0000,216.0000,90
1,AGI32-IDcx4qny-Project_1-LUMINAIRE-C_Symbol,3792.0000,2148.0000,216.0000,90
1,AGI32-IDcx4qny-Project_1-LUMINAIRE-C_Symbol,3792.0000,1788.0000,216.0000,90
1,AGI32-IDcx4qny-Project_1-LUMINAIRE-C_Symbol,3792.0000,1668.0000,216.0000,90
1,AGI32-IDcx4qny-Project_1-LUMINAIRE-C_Symbol,3792.0000,2028.0000,216.0000,90
1,AGI32-IDcx4qny-Project_1-LUMINAIRE-C_Symbol,3792.0000,1908.0000,216.0000,90
1,AGI32-IDcx4qny-Project_1-LUMINAIRE-C_Symbol,3912.0000,948.0000,216.0000,90
1,AGI32-IDcx4qny-Project_1-LUMINAIRE-C_Symbol,3912.0000,828.0000,216.0000,90
1,AGI32-IDcx4qny-Project_1-LUMINAIRE-C_Symbol,3912.0000,1188.0000,216.0000,90
1,AGI32-IDcx4qny-Project_1-LUMINAIRE-C_Symbol,3912.0000,1068.0000,216.0000,90
1,AGI32-IDcx4qny-Project_1-LUMINAIRE-C_Symbol,3912.0000,708.0000,216.0000,90
1,AGI32-IDcx4qny-Project_1-LUMINAIRE-C_Symbol,3912.0000,348.0000,216.0000,90
1,AGI32-IDcx4qny-Project_1-LUMINAIRE-C_Symbol,3912.0000,228.0000,216.0000,90
1,AGI32-IDcx4qny-Project_1-LUMINAIRE-C_Symbol,3912.0000,588.0000,216.0000,90
1,AGI32-IDcx4qny-Project_1-LUMINAIRE-C_Symbol,3912.0000,468.0000,216.0000,90
1,AGI32-IDcx4qny-Project_1-LUMINAIRE-C_Symbol,3456.0000,2616.0000,216.0000,0
1,AGI32-IDcx4qny-Project_1-LUMINAIRE-C_Symbol,2952.0000,2688.0000,216.0000,0
1,AGI32-IDcx4qny-Project_1-LUMINAIRE-C_Symbol,3120.0000,2688.0000,216.0000,0
1,AGI32-IDcx4qny-Project_1-LUMINAIRE-C_Symbol,2616.0000,2688.0000,216.0000,0
1,AGI32-IDcx4qny-Project_1-LUMINAIRE-C_Symbol,2784.0000,2688.0000,216.0000,0
1,AGI32-IDcx4qny-Project_1-LUMINAIRE-C_Symbol,3288.0000,2688.0000,216.0000,0
1,AGI32-IDcx4qny-Project_1-LUMINAIRE-C_Symbol,3792.0000,2688.0000,216.0000,0
1,AGI32-IDcx4qny-Project_1-LUMINAIRE-C_Symbol,3960.0000,2688.0000,216.0000,0
1,AGI32-IDcx4qny-Project_1-LUMINAIRE-C_Symbol,3456.0000,2688.0000,216.0000,0
1,AGI32-IDcx4qny-Project_1-LUMINAIRE-C_Symbol,3624.0000,2688.0000,216.0000,0
1,AGI32-IDcx4qny-Project_1-LUMINAIRE-C_Symbol,1440.0000,2688.0000,216.0000,0
1,AGI32-IDcx4qny-Project_1-LUMINAIRE-C_Symbol,1608.0000,2688.0000,216.0000,0
1,AGI32-IDcx4qny-Project_1-LUMINAIRE-C_Symbol,1104.0000,2688.0000,216.0000,0
1,AGI32-IDcx4qny-Project_1-LUMINAIRE-C_Symbol,1272.0000,2688.0000,216.0000,0
1,AGI32-IDcx4qny-Project_1-LUMINAIRE-C_Symbol,1776.0000,2688.0000,216.0000,0
1,AGI32-IDcx4qny-Project_1-LUMINAIRE-C_Symbol,2280.0000,2688.0000,216.0000,0
1,AGI32-IDcx4qny-Project_1-LUMINAIRE-C_Symbol,2448.0000,2688.0000,216.0000,0
1,AGI32-IDcx4qny-Project_1-LUMINAIRE-C_Symbol,1944.0000,2688.0000,216.0000,0
1,AGI32-IDcx4qny-Project_1-LUMINAIRE-C_Symbol,2112.0000,2688.0000,216.0000,0
1,AGI32-IDcx4qny-Project_1-LUMINAIRE-C_Symbol,2280.0000,2616.0000,216.0000,0
1,AGI32-IDcx4qny-Project_1-LUMINAIRE-C_Symbol,2448.0000,2616.0000,216.0000,0
1,AGI32-IDcx4qny-Project_1-LUMINAIRE-C_Symbol,1944.0000,2616.0000,216.0000,0
1,AGI32-IDcx4qny-Project_1-LUMINAIRE-C_Symbol,2112.0000,2616.0000,216.0000,0
1,AGI32-IDcx4qny-Project_1-LUMINAIRE-C_Symbol,2616.0000,2616.0000,216.0000,0
1,AGI32-IDcx4qny-Project_1-LUMINAIRE-C_Symbol,3120.0000,2616.0000,216.0000,0
1,AGI32-IDcx4qny-Project_1-LUMINAIRE-C_Symbol,3288.0000,2616.0000,216.0000,0
1,AGI32-IDcx4qny-Project_1-LUMINAIRE-C_Symbol,2784.0000,2616.0000,216.0000,0
1,AGI32-IDcx4qny-Project_1-LUMINAIRE-C_Symbol,2952.0000,2616.0000,216.0000,0
1,AGI32-IDcx4qny-Project_1-LUMINAIRE-C_Symbol,4464.0000,2688.0000,216.0000,0
1,AGI32-IDcx4qny-Project_1-LUMINAIRE-C_Symbol,4632.0000,2688.0000,216.0000,0
1,AGI32-IDcx4qny-Project_1-LUMINAIRE-C_Symbol,4128.0000,2688.0000,216.0000,0
1,AGI32-IDcx4qny-Project_1-LUMINAIRE-C_Symbol,4296.0000,2688.0000,216.0000,0
1,AGI32-IDcx4qny-Project_1-LUMINAIRE-C_Symbol,1104.0000,2616.0000,216.0000,0
1,AGI32-IDcx4qny-Project_1-LUMINAIRE-C_Symbol,1608.0000,2616.0000,216.0000,0
1,AGI32-IDcx4qny-Project_1-LUMINAIRE-C_Symbol,1776.0000,2616.0000,216.0000,0
1,AGI32-IDcx4qny-Project_1-LUMINAIRE-C_Symbol,1272.0000,2616.0000,216.0000,0
1,AGI32-IDcx4qny-Project_1-LUMINAIRE-C_Symbol,1440.0000,2616.0000,216.0000,0
1,AGI32-IDcx4qny-Project_1-LUMINAIRE-C_Symbol,3792.0000,1548.0000,216.0000,90
1,AGI32-IDcx4qny-Project_1-LUMINAIRE-C_Symbol,3672.0000,1896.0000,216.0000,0
1,AGI32-IDcx4qny-Project_1-LUMINAIRE-C_Symbol,3552.0000,1896.0000,216.0000,0
1,AGI32-IDcx4qny-Project_1-LUMINAIRE-C_Symbol,2412.0000,1536.0000,216.0000,0
1,AGI32-IDcx4qny-Project_1-LUMINAIRE-C_Symbol,2292.0000,1536.0000,216.0000,0
1,AGI32-IDcx4qny-Project_1-LUMINAIRE-C_Symbol,3432.0000,1896.0000,216.0000,0
1,AGI32-IDcx4qny-Project_1-LUMINAIRE-C_Symbol,3072.0000,1896.0000,216.0000,0
1,AGI32-IDcx4qny-Project_1-LUMINAIRE-C_Symbol,2952.0000,1896.0000,216.0000,0
1,AGI32-IDcx4qny-Project_1-LUMINAIRE-C_Symbol,3312.0000,1896.0000,216.0000,0
1,AGI32-IDcx4qny-Project_1-LUMINAIRE-C_Symbol,3192.0000,1896.0000,216.0000,0
1,AGI32-IDcx4qny-Project_1-LUMINAIRE-C_Symbol,3252.0000,1536.0000,216.0000,0
1,AGI32-IDcx4qny-Project_1-LUMINAIRE-C_Symbol,3132.0000,1536.0000,216.0000,0
1,AGI32-IDcx4qny-Project_1-LUMINAIRE-C_Symbol,3492.0000,1536.0000,216.0000,0
1,AGI32-IDcx4qny-Project_1-LUMINAIRE-C_Symbol,3372.0000,1536.0000,216.0000,0
1,AGI32-IDcx4qny-Project_1-LUMINAIRE-C_Symbol,3012.0000,1536.0000,216.0000,0
1,AGI32-IDcx4qny-Project_1-LUMINAIRE-C_Symbol,2652.0000,1536.0000,216.0000,0
1,AGI32-IDcx4qny-Project_1-LUMINAIRE-C_Symbol,2532.0000,1536.0000,216.0000,0
1,AGI32-IDcx4qny-Project_1-LUMINAIRE-C_Symbol,2892.0000,1536.0000,216.0000,0
1,AGI32-IDcx4qny-Project_1-LUMINAIRE-C_Symbol,2772.0000,1536.0000,216.0000,0
1,AGI32-IDcx4qny-Project_1-LUMINAIRE-C_Symbol,2892.0000,1776.0000,216.0000,0
1,AGI32-IDcx4qny-Project_1-LUMINAIRE-C_Symbol,2772.0000,1776.0000,216.0000,0
1,AGI32-IDcx4qny-Project_1-LUMINAIRE-C_Symbol,3132.0000,1776.0000,216.0000,0
1,AGI32-IDcx4qny-Project_1-LUMINAIRE-C_Symbol,3012.0000,1776.0000,216.0000,0
1,AGI32-IDcx4qny-Project_1-LUMINAIRE-C_Symbol,2652.0000,1776.0000,216.0000,0
1,AGI32-IDcx4qny-Project_1-LUMINAIRE-C_Symbol,2292.0000,1776.0000,216.0000,0
1,AGI32-IDcx4qny-Project_1-LUMINAIRE-C_Symbol,3672.0000,2136.0000,216.0000,0
1,AGI32-IDcx4qny-Project_1-LUMINAIRE-C_Symbol,2532.0000,1776.0000,216.0000,0
1,AGI32-IDcx4qny-Project_1-LUMINAIRE-C_Symbol,2412.0000,1776.0000,216.0000,0
1,AGI32-IDcx4qny-Project_1-LUMINAIRE-C_Symbol,2592.0000,1896.0000,216.0000,0
1,AGI32-IDcx4qny-Project_1-LUMINAIRE-C_Symbol,2472.0000,1896.0000,216.0000,0
1,AGI32-IDcx4qny-Project_1-LUMINAIRE-C_Symbol,2832.0000,1896.0000,216.0000,0
1,AGI32-IDcx4qny-Project_1-LUMINAIRE-C_Symbol,2712.0000,1896.0000,216.0000,0
1,AGI32-IDcx4qny-Project_1-LUMINAIRE-C_Symbol,2352.0000,1896.0000,216.0000,0
1,AGI32-IDcx4qny-Project_1-LUMINAIRE-C_Symbol,3372.0000,1776.0000,216.0000,0
1,AGI32-IDcx4qny-Project_1-LUMINAIRE-C_Symbol,3252.0000,1776.0000,216.0000,0
1,AGI32-IDcx4qny-Project_1-LUMINAIRE-C_Symbol,3612.0000,1776.0000,216.0000,0
1,AGI32-IDcx4qny-Project_1-LUMINAIRE-C_Symbol,3492.0000,1776.0000,216.0000,0
1,AGI32-IDcx4qny-Project_1-LUMINAIRE-C_Symbol,3612.0000,1536.0000,216.0000,0
1,AGI32-IDcx4qny-Project_1-LUMINAIRE-C_Symbol,3792.0000,108.0000,216.0000,90
1,AGI32-IDcx4qny-Project_1-LUMINAIRE-C_Symbol,3672.0000,1656.0000,216.0000,0
1,AGI32-IDcx4qny-Project_1-LUMINAIRE-C_Symbol,3792.0000,348.0000,216.0000,90
1,AGI32-IDcx4qny-Project_1-LUMINAIRE-C_Symbol,3792.0000,228.0000,216.0000,90
1,AGI32-IDcx4qny-Project_1-LUMINAIRE-C_Symbol,3552.0000,1656.0000,216.0000,0
1,AGI32-IDcx4qny-Project_1-LUMINAIRE-C_Symbol,3192.0000,1656.0000,216.0000,0
1,AGI32-IDcx4qny-Project_1-LUMINAIRE-C_Symbol,3072.0000,1656.0000,216.0000,0
1,AGI32-IDcx4qny-Project_1-LUMINAIRE-C_Symbol,3432.0000,1656.0000,216.0000,0
1,AGI32-IDcx4qny-Project_1-LUMINAIRE-C_Symbol,3312.0000,1656.0000,216.0000,0
1,AGI32-IDcx4qny-Project_1-LUMINAIRE-C_Symbol,3792.0000,1188.0000,216.0000,90
1,AGI32-IDcx4qny-Project_1-LUMINAIRE-C_Symbol,3792.0000,1068.0000,216.0000,90
1,AGI32-IDcx4qny-Project_1-LUMINAIRE-C_Symbol,3792.0000,1428.0000,216.0000,90
1,AGI32-IDcx4qny-Project_1-LUMINAIRE-C_Symbol,3792.0000,1308.0000,216.0000,90
1,AGI32-IDcx4qny-Project_1-LUMINAIRE-C_Symbol,3792.0000,948.0000,216.0000,90
1,AGI32-IDcx4qny-Project_1-LUMINAIRE-C_Symbol,3792.0000,588.0000,216.0000,90
1,AGI32-IDcx4qny-Project_1-LUMINAIRE-C_Symbol,3792.0000,468.0000,216.0000,90
1,AGI32-IDcx4qny-Project_1-LUMINAIRE-C_Symbol,3792.0000,828.0000,216.0000,90
1,AGI32-IDcx4qny-Project_1-LUMINAIRE-C_Symbol,3792.0000,708.0000,216.0000,90
1,AGI32-IDcx4qny-Project_1-LUMINAIRE-C_Symbol,3072.0000,1416.0000,216.0000,0
1,AGI32-IDcx4qny-Project_1-LUMINAIRE-C_Symbol,2952.0000,1416.0000,216.0000,0
1,AGI32-IDcx4qny-Project_1-LUMINAIRE-C_Symbol,3312.0000,1416.0000,216.0000,0
1,AGI32-IDcx4qny-Project_1-LUMINAIRE-C_Symbol,3192.0000,1416.0000,216.0000,0
1,AGI32-IDcx4qny-Project_1-LUMINAIRE-C_Symbol,2832.0000,1416.0000,216.0000,0
1,AGI32-IDcx4qny-Project_1-LUMINAIRE-C_Symbol,2472.0000,1416.0000,216.0000,0
1,AGI32-IDcx4qny-Project_1-LUMINAIRE-C_Symbol,2352.0000,1416.0000,216.0000,0
1,AGI32-IDcx4qny-Project_1-LUMINAIRE-C_Symbol,2712.0000,1416.0000,216.0000,0
1,AGI32-IDcx4qny-Project_1-LUMINAIRE-C_Symbol,2592.0000,1416.0000,216.0000,0
1,AGI32-IDcx4qny-Project_1-LUMINAIRE-C_Symbol,2712.0000,1656.0000,216.0000,0
1,AGI32-IDcx4qny-Project_1-LUMINAIRE-C_Symbol,2592.0000,1656.0000,216.0000,0
1,AGI32-IDcx4qny-Project_1-LUMINAIRE-C_Symbol,2952.0000,1656.0000,216.0000,0
1,AGI32-IDcx4qny-Project_1-LUMINAIRE-C_Symbol,2832.0000,1656.0000,216.0000,0
1,AGI32-IDcx4qny-Project_1-LUMINAIRE-C_Symbol,2472.0000,1656.0000,216.0000,0
1,AGI32-IDcx4qny-Project_1-LUMINAIRE-C_Symbol,3552.0000,1416.0000,216.0000,0
1,AGI32-IDcx4qny-Project_1-LUMINAIRE-C_Symbol,3432.0000,1416.0000,216.0000,0
1,AGI32-IDcx4qny-Project_1-LUMINAIRE-C_Symbol,2352.0000,1656.0000,216.0000,0
1,AGI32-IDcx4qny-Project_1-LUMINAIRE-C_Symbol,3672.0000,1416.0000,216.0000,0
1,AGI32-IDcx4qny-Project_1-LUMINAIRE-C_Symbol,4296.0000,1008.0000,216.0000,90
1,AGI32-IDcx4qny-Project_1-LUMINAIRE-C_Symbol,4296.0000,888.0000,216.0000,90
1,AGI32-IDcx4qny-Project_1-LUMINAIRE-C_Symbol,4296.0000,1248.0000,216.0000,90
1,AGI32-IDcx4qny-Project_1-LUMINAIRE-C_Symbol,4296.0000,1128.0000,216.0000,90
1,AGI32-IDcx4qny-Project_1-LUMINAIRE-C_Symbol,4296.0000,768.0000,216.0000,90
1,AGI32-IDcx4qny-Project_1-LUMINAIRE-C_Symbol,4296.0000,408.0000,216.0000,90
1,AGI32-IDcx4qny-Project_1-LUMINAIRE-C_Symbol,4296.0000,288.0000,216.0000,90
1,AGI32-IDcx4qny-Project_1-LUMINAIRE-C_Symbol,4296.0000,648.0000,216.0000,90
1,AGI32-IDcx4qny-Project_1-LUMINAIRE-C_Symbol,4296.0000,528.0000,216.0000,90
1,AGI32-IDcx4qny-Project_1-LUMINAIRE-C_Symbol,4296.0000,2088.0000,216.0000,90
1,AGI32-IDcx4qny-Project_1-LUMINAIRE-C_Symbol,4296.0000,1968.0000,216.0000,90
1,AGI32-IDcx4qny-Project_1-LUMINAIRE-C_Symbol,4296.0000,2328.0000,216.0000,90
1,AGI32-IDcx4qny-Project_1-LUMINAIRE-C_Symbol,4296.0000,2208.0000,216.0000,90
1,AGI32-IDcx4qny-Project_1-LUMINAIRE-C_Symbol,4296.0000,1848.0000,216.0000,90
1,AGI32-IDcx4qny-Project_1-LUMINAIRE-C_Symbol,4296.0000,1488.0000,216.0000,90
1,AGI32-IDcx4qny-Project_1-LUMINAIRE-C_Symbol,4296.0000,1368.0000,216.0000,90
1,AGI32-IDcx4qny-Project_1-LUMINAIRE-C_Symbol,4296.0000,1728.0000,216.0000,90
1,AGI32-IDcx4qny-Project_1-LUMINAIRE-C_Symbol,4296.0000,1608.0000,216.0000,90
1,AGI32-IDcx4qny-Project_1-LUMINAIRE-C_Symbol,4656.0000,1428.0000,216.0000,90
1,AGI32-IDcx4qny-Project_1-LUMINAIRE-C_Symbol,4656.0000,1308.0000,216.0000,90
1,AGI32-IDcx4qny-Project_1-LUMINAIRE-C_Symbol,4656.0000,1668.0000,216.0000,90
1,AGI32-IDcx4qny-Project_1-LUMINAIRE-C_Symbol,4656.0000,1548.0000,216.0000,90
1,AGI32-IDcx4qny-Project_1-LUMINAIRE-C_Symbol,4656.0000,1188.0000,216.0000,90
1,AGI32-IDcx4qny-Project_1-LUMINAIRE-C_Symbol,4656.0000,828.0000,216.0000,90
1,AGI32-IDcx4qny-Project_1-LUMINAIRE-C_Symbol,4656.0000,708.0000,216.0000,90
1,AGI32-IDcx4qny-Project_1-LUMINAIRE-C_Symbol,4656.0000,1068.0000,216.0000,90
1,AGI32-IDcx4qny-Project_1-LUMINAIRE-C_Symbol,4656.0000,948.0000,216.0000,90
1,AGI32-IDcx4qny-Project_1-LUMINAIRE-C_Symbol,4656.0000,2508.0000,216.0000,90
1,AGI32-IDcx4qny-Project_1-LUMINAIRE-C_Symbol,4656.0000,2388.0000,216.0000,90
1,AGI32-IDcx4qny-Project_1-LUMINAIRE-C_Symbol,4296.0000,168.0000,216.0000,90
1,AGI32-IDcx4qny-Project_1-LUMINAIRE-C_Symbol,4296.0000,48.0000,216.0000,90
1,AGI32-IDcx4qny-Project_1-LUMINAIRE-C_Symbol,4656.0000,2268.0000,216.0000,90
1,AGI32-IDcx4qny-Project_1-LUMINAIRE-C_Symbol,4656.0000,1908.0000,216.0000,90
1,AGI32-IDcx4qny-Project_1-LUMINAIRE-C_Symbol,4656.0000,1788.0000,216.0000,90
1,AGI32-IDcx4qny-Project_1-LUMINAIRE-C_Symbol,4656.0000,2148.0000,216.0000,90
1,AGI32-IDcx4qny-Project_1-LUMINAIRE-C_Symbol,4656.0000,2028.0000,216.0000,90
1,AGI32-IDcx4qny-Project_1-LUMINAIRE-C_Symbol,4296.0000,2448.0000,216.0000,90
1,AGI32-IDcx4qny-Project_1-LUMINAIRE-C_Symbol,4056.0000,408.0000,216.0000,90
1,AGI32-IDcx4qny-Project_1-LUMINAIRE-C_Symbol,4056.0000,288.0000,216.0000,90
1,AGI32-IDcx4qny-Project_1-LUMINAIRE-C_Symbol,4056.0000,648.0000,216.0000,90
1,AGI32-IDcx4qny-Project_1-LUMINAIRE-C_Symbol,4056.0000,528.0000,216.0000,90
1,AGI32-IDcx4qny-Project_1-LUMINAIRE-C_Symbol,4056.0000,168.0000,216.0000,90
1,AGI32-IDcx4qny-Project_1-LUMINAIRE-C_Symbol,4416.0000,2388.0000,216.0000,90
1,AGI32-IDcx4qny-Project_1-LUMINAIRE-C_Symbol,4416.0000,2268.0000,216.0000,90
1,AGI32-IDcx4qny-Project_1-LUMINAIRE-C_Symbol,4056.0000,48.0000,216.0000,90
1,AGI32-IDcx4qny-Project_1-LUMINAIRE-C_Symbol,4416.0000,2508.0000,216.0000,90
1,AGI32-IDcx4qny-Project_1-LUMINAIRE-C_Symbol,4056.0000,1488.0000,216.0000,90
1,AGI32-IDcx4qny-Project_1-LUMINAIRE-C_Symbol,4056.0000,1368.0000,216.0000,90
1,AGI32-IDcx4qny-Project_1-LUMINAIRE-C_Symbol,4056.0000,1728.0000,216.0000,90
1,AGI32-IDcx4qny-Project_1-LUMINAIRE-C_Symbol,4056.0000,1608.0000,216.0000,90
1,AGI32-IDcx4qny-Project_1-LUMINAIRE-C_Symbol,4056.0000,1248.0000,216.0000,90
1,AGI32-IDcx4qny-Project_1-LUMINAIRE-C_Symbol,4056.0000,888.0000,216.0000,90
1,AGI32-IDcx4qny-Project_1-LUMINAIRE-C_Symbol,4056.0000,768.0000,216.0000,90
1,AGI32-IDcx4qny-Project_1-LUMINAIRE-C_Symbol,4056.0000,1128.0000,216.0000,90
1,AGI32-IDcx4qny-Project_1-LUMINAIRE-C_Symbol,4056.0000,1008.0000,216.0000,90
1,AGI32-IDcx4qny-Project_1-LUMINAIRE-C_Symbol,4416.0000,828.0000,216.0000,90
1,AGI32-IDcx4qny-Project_1-LUMINAIRE-C_Symbol,4416.0000,708.0000,216.0000,90
1,AGI32-IDcx4qny-Project_1-LUMINAIRE-C_Symbol,4416.0000,1068.0000,216.0000,90
1,AGI32-IDcx4qny-Project_1-LUMINAIRE-C_Symbol,4416.0000,948.0000,216.0000,90
1,AGI32-IDcx4qny-Project_1-LUMINAIRE-C_Symbol,4416.0000,588.0000,216.0000,90
1,AGI32-IDcx4qny-Project_1-LUMINAIRE-C_Symbol,4416.0000,228.0000,216.0000,90
1,AGI32-IDcx4qny-Project_1-LUMINAIRE-C_Symbol,4416.0000,108.0000,216.0000,90
1,AGI32-IDcx4qny-Project_1-LUMINAIRE-C_Symbol,4416.0000,468.0000,216.0000,90
1,AGI32-IDcx4qny-Project_1-LUMINAIRE-C_Symbol,4416.0000,348.0000,216.0000,90
1,AGI32-IDcx4qny-Project_1-LUMINAIRE-C_Symbol,4416.0000,1908.0000,216.0000,90
1,AGI32-IDcx4qny-Project_1-LUMINAIRE-C_Symbol,4416.0000,1788.0000,216.0000,90
1,AGI32-IDcx4qny-Project_1-LUMINAIRE-C_Symbol,4416.0000,2148.0000,216.0000,90
1,AGI32-IDcx4qny-Project_1-LUMINAIRE-C_Symbol,4416.0000,2028.0000,216.0000,90
1,AGI32-IDcx4qny-Project_1-LUMINAIRE-C_Symbol,4416.0000,1668.0000,216.0000,90
1,AGI32-IDcx4qny-Project_1-LUMINAIRE-C_Symbol,4416.0000,1308.0000,216.0000,90
1,AGI32-IDcx4qny-Project_1-LUMINAIRE-C_Symbol,4416.0000,1188.0000,216.0000,90
1,AGI32-IDcx4qny-Project_1-LUMINAIRE-C_Symbol,4416.0000,1548.0000,216.0000,90
1,AGI32-IDcx4qny-Project_1-LUMINAIRE-C_Symbol,4416.0000,1428.0000,216.0000,90
1,AGI32-IDcx4qny-Project_1-LUMINAIRE-C_Symbol,4536.0000,2448.0000,216.0000,90
1,AGI32-IDcx4qny-Project_1-LUMINAIRE-C_Symbol,624.0000,1068.0000,216.0000,0
1,AGI32-IDcx4qny-Project_1-LUMINAIRE-C_Symbol,744.0000,1068.0000,216.0000,0
1,AGI32-IDcx4qny-Project_1-LUMINAIRE-C_Symbol,1224.0000,1260.0000,216.0000,0
1,AGI32-IDcx4qny-Project_1-LUMINAIRE-C_Symbol,1344.0000,1260.0000,216.0000,0
1,AGI32-IDcx4qny-Project_1-LUMINAIRE-C_Symbol,864.0000,1068.0000,216.0000,0
1,AGI32-IDcx4qny-Project_1-LUMINAIRE-C_Symbol,1224.0000,1068.0000,216.0000,0
1,AGI32-IDcx4qny-Project_1-LUMINAIRE-C_Symbol,1344.0000,1068.0000,216.0000,0
1,AGI32-IDcx4qny-Project_1-LUMINAIRE-C_Symbol,984.0000,1068.0000,216.0000,0
1,AGI32-IDcx4qny-Project_1-LUMINAIRE-C_Symbol,1104.0000,1068.0000,216.0000,0
1,AGI32-IDcx4qny-Project_1-LUMINAIRE-C_Symbol,504.0000,708.0000,216.0000,90
1,AGI32-IDcx4qny-Project_1-LUMINAIRE-C_Symbol,504.0000,588.0000,216.0000,90
1,AGI32-IDcx4qny-Project_1-LUMINAIRE-C_Symbol,504.0000,948.0000,216.0000,90
1,AGI32-IDcx4qny-Project_1-LUMINAIRE-C_Symbol,504.0000,828.0000,216.0000,90
1,AGI32-IDcx4qny-Project_1-LUMINAIRE-C_Symbol,624.0000,1260.0000,216.0000,0
1,AGI32-IDcx4qny-Project_1-LUMINAIRE-C_Symbol,984.0000,1260.0000,216.0000,0
1,AGI32-IDcx4qny-Project_1-LUMINAIRE-C_Symbol,1104.0000,1260.0000,216.0000,0
1,AGI32-IDcx4qny-Project_1-LUMINAIRE-C_Symbol,744.0000,1260.0000,216.0000,0
1,AGI32-IDcx4qny-Project_1-LUMINAIRE-C_Symbol,864.0000,1260.0000,216.0000,0
1,AGI32-IDcx4qny-Project_1-LUMINAIRE-C_Symbol,1104.0000,708.0000,216.0000,0
1,AGI32-IDcx4qny-Project_1-LUMINAIRE-C_Symbol,1224.0000,708.0000,216.0000,0
1,AGI32-IDcx4qny-Project_1-LUMINAIRE-C_Symbol,864.0000,708.0000,216.0000,0
1,AGI32-IDcx4qny-Project_1-LUMINAIRE-C_Symbol,984.0000,708.0000,216.0000,0
1,AGI32-IDcx4qny-Project_1-LUMINAIRE-C_Symbol,1344.0000,708.0000,216.0000,0
1,AGI32-IDcx4qny-Project_1-LUMINAIRE-C_Symbol,864.0000,528.0000,216.0000,0
1,AGI32-IDcx4qny-Project_1-LUMINAIRE-C_Symbol,984.0000,528.0000,216.0000,0
1,AGI32-IDcx4qny-Project_1-LUMINAIRE-C_Symbol,624.0000,528.0000,216.0000,0
1,AGI32-IDcx4qny-Project_1-LUMINAIRE-C_Symbol,744.0000,528.0000,216.0000,0
1,AGI32-IDcx4qny-Project_1-LUMINAIRE-C_Symbol,864.0000,900.0000,216.0000,0
1,AGI32-IDcx4qny-Project_1-LUMINAIRE-C_Symbol,984.0000,900.0000,216.0000,0
1,AGI32-IDcx4qny-Project_1-LUMINAIRE-C_Symbol,624.0000,900.0000,216.0000,0
1,AGI32-IDcx4qny-Project_1-LUMINAIRE-C_Symbol,744.0000,900.0000,216.0000,0
1,AGI32-IDcx4qny-Project_1-LUMINAIRE-C_Symbol,1104.0000,900.0000,216.0000,0
1,AGI32-IDcx4qny-Project_1-LUMINAIRE-C_Symbol,624.0000,708.0000,216.0000,0
1,AGI32-IDcx4qny-Project_1-LUMINAIRE-C_Symbol,744.0000,708.0000,216.0000,0
1,AGI32-IDcx4qny-Project_1-LUMINAIRE-C_Symbol,1224.0000,900.0000,216.0000,0
1,AGI32-IDcx4qny-Project_1-LUMINAIRE-C_Symbol,1344.0000,900.0000,216.0000,0
1,AGI32-IDcx4qny-Project_1-LUMINAIRE-C_Symbol,504.0000,1068.0000,216.0000,90
1,AGI32-IDcx4qny-Project_1-LUMINAIRE-C_Symbol,4536.0000,1008.0000,216.0000,90
1,AGI32-IDcx4qny-Project_1-LUMINAIRE-C_Symbol,4536.0000,888.0000,216.0000,90
1,AGI32-IDcx4qny-Project_1-LUMINAIRE-C_Symbol,4536.0000,1248.0000,216.0000,90
1,AGI32-IDcx4qny-Project_1-LUMINAIRE-C_Symbol,4536.0000,1128.0000,216.0000,90
1,AGI32-IDcx4qny-Project_1-LUMINAIRE-C_Symbol,4536.0000,768.0000,216.0000,90
1,AGI32-IDcx4qny-Project_1-LUMINAIRE-C_Symbol,1284.0000,2388.0000,216.0000,90
1,AGI32-IDcx4qny-Project_1-LUMINAIRE-C_Symbol,1284.0000,2268.0000,216.0000,90
1,AGI32-IDcx4qny-Project_1-LUMINAIRE-C_Symbol,4536.0000,648.0000,216.0000,90
1,AGI32-IDcx4qny-Project_1-LUMINAIRE-C_Symbol,1284.0000,2508.0000,216.0000,90
1,AGI32-IDcx4qny-Project_1-LUMINAIRE-C_Symbol,4536.0000,2088.0000,216.0000,90
1,AGI32-IDcx4qny-Project_1-LUMINAIRE-C_Symbol,4536.0000,1968.0000,216.0000,90
1,AGI32-IDcx4qny-Project_1-LUMINAIRE-C_Symbol,4536.0000,2328.0000,216.0000,90
1,AGI32-IDcx4qny-Project_1-LUMINAIRE-C_Symbol,4536.0000,2208.0000,216.0000,90
1,AGI32-IDcx4qny-Project_1-LUMINAIRE-C_Symbol,4536.0000,1848.0000,216.0000,90
1,AGI32-IDcx4qny-Project_1-LUMINAIRE-C_Symbol,4536.0000,1488.0000,216.0000,90
1,AGI32-IDcx4qny-Project_1-LUMINAIRE-C_Symbol,4536.0000,1368.0000,216.0000,90
1,AGI32-IDcx4qny-Project_1-LUMINAIRE-C_Symbol,4536.0000,1728.0000,216.0000,90
1,AGI32-IDcx4qny-Project_1-LUMINAIRE-C_Symbol,4536.0000,1608.0000,216.0000,90
1,AGI32-IDcx4qny-Project_1-LUMINAIRE-C_Symbol,1080.0000,2028.0000,216.0000,90
1,AGI32-IDcx4qny-Project_1-LUMINAIRE-C_Symbol,1080.0000,1908.0000,216.0000,90
1,AGI32-IDcx4qny-Project_1-LUMINAIRE-C_Symbol,1080.0000,2268.0000,216.0000,90
1,AGI32-IDcx4qny-Project_1-LUMINAIRE-C_Symbol,1080.0000,2148.0000,216.0000,90
1,AGI32-IDcx4qny-Project_1-LUMINAIRE-C_Symbol,1080.0000,1788.0000,216.0000,90
1,AGI32-IDcx4qny-Project_1-LUMINAIRE-C_Symbol,1080.0000,1428.0000,216.0000,90
1,AGI32-IDcx4qny-Project_1-LUMINAIRE-C_Symbol,504.0000,1188.0000,216.0000,90
1,AGI32-IDcx4qny-Project_1-LUMINAIRE-C_Symbol,1080.0000,1668.0000,216.0000,90
1,AGI32-IDcx4qny-Project_1-LUMINAIRE-C_Symbol,1080.0000,1548.0000,216.0000,90
1,AGI32-IDcx4qny-Project_1-LUMINAIRE-C_Symbol,1284.0000,1908.0000,216.0000,90
1,AGI32-IDcx4qny-Project_1-LUMINAIRE-C_Symbol,1284.0000,1788.0000,216.0000,90
1,AGI32-IDcx4qny-Project_1-LUMINAIRE-C_Symbol,1284.0000,2148.0000,216.0000,90
1,AGI32-IDcx4qny-Project_1-LUMINAIRE-C_Symbol,1284.0000,2028.0000,216.0000,90
1,AGI32-IDcx4qny-Project_1-LUMINAIRE-C_Symbol,1284.0000,1668.0000,216.0000,90
1,AGI32-IDcx4qny-Project_1-LUMINAIRE-C_Symbol,1080.0000,2508.0000,216.0000,90
1,AGI32-IDcx4qny-Project_1-LUMINAIRE-C_Symbol,1080.0000,2388.0000,216.0000,90
1,AGI32-IDcx4qny-Project_1-LUMINAIRE-C_Symbol,1284.0000,1548.0000,216.0000,90
1,AGI32-IDcx4qny-Project_1-LUMINAIRE-C_Symbol,1284.0000,1428.0000,216.0000,90
1,AGI32-IDcx4qny-Project_1-LUMINAIRE-C_Symbol,2136.0000,156.0000,216.0000,0
1,AGI32-IDcx4qny-Project_1-LUMINAIRE-C_Symbol,2016.0000,156.0000,216.0000,0
1,AGI32-IDcx4qny-Project_1-LUMINAIRE-C_Symbol,2376.0000,156.0000,216.0000,0
1,AGI32-IDcx4qny-Project_1-LUMINAIRE-C_Symbol,2256.0000,156.0000,216.0000,0
1,AGI32-IDcx4qny-Project_1-LUMINAIRE-C_Symbol,1896.0000,156.0000,216.0000,0
1,AGI32-IDcx4qny-Project_1-LUMINAIRE-C_Symbol,3576.0000,24.0000,216.0000,0
1,AGI32-IDcx4qny-Project_1-LUMINAIRE-C_Symbol,3456.0000,24.0000,216.0000,0
1,AGI32-IDcx4qny-Project_1-LUMINAIRE-C_Symbol,1776.0000,156.0000,216.0000,0
1,AGI32-IDcx4qny-Project_1-LUMINAIRE-C_Symbol,3696.0000,24.0000,216.0000,0
1,AGI32-IDcx4qny-Project_1-LUMINAIRE-C_Symbol,3216.0000,156.0000,216.0000,0
1,AGI32-IDcx4qny-Project_1-LUMINAIRE-C_Symbol,3096.0000,156.0000,216.0000,0
1,AGI32-IDcx4qny-Project_1-LUMINAIRE-C_Symbol,3456.0000,156.0000,216.0000,0
1,AGI32-IDcx4qny-Project_1-LUMINAIRE-C_Symbol,3336.0000,156.0000,216.0000,0
1,AGI32-IDcx4qny-Project_1-LUMINAIRE-C_Symbol,2976.0000,156.0000,216.0000,0
1,AGI32-IDcx4qny-Project_1-LUMINAIRE-C_Symbol,2616.0000,156.0000,216.0000,0
1,AGI32-IDcx4qny-Project_1-LUMINAIRE-C_Symbol,2496.0000,156.0000,216.0000,0
1,AGI32-IDcx4qny-Project_1-LUMINAIRE-C_Symbol,2856.0000,156.0000,216.0000,0
1,AGI32-IDcx4qny-Project_1-LUMINAIRE-C_Symbol,2736.0000,156.0000,216.0000,0
1,AGI32-IDcx4qny-Project_1-LUMINAIRE-C_Symbol,2016.0000,24.0000,216.0000,0
1,AGI32-IDcx4qny-Project_1-LUMINAIRE-C_Symbol,1896.0000,24.0000,216.0000,0
1,AGI32-IDcx4qny-Project_1-LUMINAIRE-C_Symbol,2256.0000,24.0000,216.0000,0
1,AGI32-IDcx4qny-Project_1-LUMINAIRE-C_Symbol,2136.0000,24.0000,216.0000,0
1,AGI32-IDcx4qny-Project_1-LUMINAIRE-C_Symbol,1776.0000,24.0000,216.0000,0
1,AGI32-IDcx4qny-Project_1-LUMINAIRE-C_Symbol,1668.0000,2268.0000,216.0000,90
1,AGI32-IDcx4qny-Project_1-LUMINAIRE-C_Symbol,1668.0000,2148.0000,216.0000,90
1,AGI32-IDcx4qny-Project_1-LUMINAIRE-C_Symbol,1668.0000,2508.0000,216.0000,90
1,AGI32-IDcx4qny-Project_1-LUMINAIRE-C_Symbol,1668.0000,2388.0000,216.0000,90
1,AGI32-IDcx4qny-Project_1-LUMINAIRE-C_Symbol,3096.0000,24.0000,216.0000,0
1,AGI32-IDcx4qny-Project_1-LUMINAIRE-C_Symbol,2976.0000,24.0000,216.0000,0
1,AGI32-IDcx4qny-Project_1-LUMINAIRE-C_Symbol,3336.0000,24.0000,216.0000,0
1,AGI32-IDcx4qny-Project_1-LUMINAIRE-C_Symbol,3216.0000,24.0000,216.0000,0
1,AGI32-IDcx4qny-Project_1-LUMINAIRE-C_Symbol,2856.0000,24.0000,216.0000,0
1,AGI32-IDcx4qny-Project_1-LUMINAIRE-C_Symbol,2496.0000,24.0000,216.0000,0
1,AGI32-IDcx4qny-Project_1-LUMINAIRE-C_Symbol,2376.0000,24.0000,216.0000,0
1,AGI32-IDcx4qny-Project_1-LUMINAIRE-C_Symbol,2736.0000,24.0000,216.0000,0
1,AGI32-IDcx4qny-Project_1-LUMINAIRE-C_Symbol,2616.0000,24.0000,216.0000,0
1,AGI32-IDcx4qny-Project_1-LUMINAIRE-C_Symbol,3576.0000,156.0000,216.0000,0
1,AGI32-IDcx4qny-Project_1-LUMINAIRE-C_Symbol,2496.0000,420.0000,216.0000,0
1,AGI32-IDcx4qny-Project_1-LUMINAIRE-C_Symbol,2376.0000,420.0000,216.0000,0
1,AGI32-IDcx4qny-Project_1-LUMINAIRE-C_Symbol,2736.0000,420.0000,216.0000,0
1,AGI32-IDcx4qny-Project_1-LUMINAIRE-C_Symbol,2616.0000,420.0000,216.0000,0
1,AGI32-IDcx4qny-Project_1-LUMINAIRE-C_Symbol,2256.0000,420.0000,216.0000,0
1,AGI32-IDcx4qny-Project_1-LUMINAIRE-C_Symbol,1896.0000,420.0000,216.0000,0
1,AGI32-IDcx4qny-Project_1-LUMINAIRE-C_Symbol,1776.0000,420.0000,216.0000,0
1,AGI32-IDcx4qny-Project_1-LUMINAIRE-C_Symbol,2136.0000,420.0000,216.0000,0
1,AGI32-IDcx4qny-Project_1-LUMINAIRE-C_Symbol,2016.0000,420.0000,216.0000,0
1,AGI32-IDcx4qny-Project_1-LUMINAIRE-C_Symbol,3576.0000,420.0000,216.0000,0
1,AGI32-IDcx4qny-Project_1-LUMINAIRE-C_Symbol,3456.0000,420.0000,216.0000,0
1,AGI32-IDcx4qny-Project_1-LUMINAIRE-C_Symbol,1776.0000,552.0000,216.0000,0
1,AGI32-IDcx4qny-Project_1-LUMINAIRE-C_Symbol,3696.0000,420.0000,216.0000,0
1,AGI32-IDcx4qny-Project_1-LUMINAIRE-C_Symbol,3336.0000,420.0000,216.0000,0
1,AGI32-IDcx4qny-Project_1-LUMINAIRE-C_Symbol,2976.0000,420.0000,216.0000,0
1,AGI32-IDcx4qny-Project_1-LUMINAIRE-C_Symbol,2856.0000,420.0000,216.0000,0
1,AGI32-IDcx4qny-Project_1-LUMINAIRE-C_Symbol,3216.0000,420.0000,216.0000,0
1,AGI32-IDcx4qny-Project_1-LUMINAIRE-C_Symbol,3096.0000,420.0000,216.0000,0
1,AGI32-IDcx4qny-Project_1-LUMINAIRE-C_Symbol,2376.0000,288.0000,216.0000,0
1,AGI32-IDcx4qny-Project_1-LUMINAIRE-C_Symbol,2256.0000,288.0000,216.0000,0
1,AGI32-IDcx4qny-Project_1-LUMINAIRE-C_Symbol,2616.0000,288.0000,216.0000,0
1,AGI32-IDcx4qny-Project_1-LUMINAIRE-C_Symbol,2496.0000,288.0000,216.0000,0
1,AGI32-IDcx4qny-Project_1-LUMINAIRE-C_Symbol,2136.0000,288.0000,216.0000,0
1,AGI32-IDcx4qny-Project_1-LUMINAIRE-C_Symbol,1776.0000,288.0000,216.0000,0
1,AGI32-IDcx4qny-Project_1-LUMINAIRE-C_Symbol,3696.0000,156.0000,216.0000,0
1,AGI32-IDcx4qny-Project_1-LUMINAIRE-C_Symbol,2016.0000,288.0000,216.0000,0
1,AGI32-IDcx4qny-Project_1-LUMINAIRE-C_Symbol,1896.0000,288.0000,216.0000,0
1,AGI32-IDcx4qny-Project_1-LUMINAIRE-C_Symbol,3456.0000,288.0000,216.0000,0
1,AGI32-IDcx4qny-Project_1-LUMINAIRE-C_Symbol,3336.0000,288.0000,216.0000,0
1,AGI32-IDcx4qny-Project_1-LUMINAIRE-C_Symbol,3696.0000,288.0000,216.0000,0
1,AGI32-IDcx4qny-Project_1-LUMINAIRE-C_Symbol,3576.0000,288.0000,216.0000,0
1,AGI32-IDcx4qny-Project_1-LUMINAIRE-C_Symbol,3216.0000,288.0000,216.0000,0
1,AGI32-IDcx4qny-Project_1-LUMINAIRE-C_Symbol,2856.0000,288.0000,216.0000,0
1,AGI32-IDcx4qny-Project_1-LUMINAIRE-C_Symbol,2736.0000,288.0000,216.0000,0
1,AGI32-IDcx4qny-Project_1-LUMINAIRE-C_Symbol,3096.0000,288.0000,216.0000,0
1,AGI32-IDcx4qny-Project_1-LUMINAIRE-C_Symbol,2976.0000,288.0000,216.0000,0
1,AGI32-IDcx4qny-Project_1-LUMINAIRE-C_Symbol,1668.0000,2028.0000,216.0000,90
1,AGI32-IDcx4qny-Project_1-LUMINAIRE-C_Symbol,4176.0000,2268.0000,216.0000,90
1,AGI32-IDcx4qny-Project_1-LUMINAIRE-C_Symbol,4176.0000,2148.0000,216.0000,90
1,AGI32-IDcx4qny-Project_1-LUMINAIRE-C_Symbol,4176.0000,2508.0000,216.0000,90
1,AGI32-IDcx4qny-Project_1-LUMINAIRE-C_Symbol,4176.0000,2388.0000,216.0000,90
1,AGI32-IDcx4qny-Project_1-LUMINAIRE-C_Symbol,4176.0000,2028.0000,216.0000,90
1,AGI32-IDcx4qny-Project_1-LUMINAIRE-C_Symbol,4176.0000,1668.0000,216.0000,90
1,AGI32-IDcx4qny-Project_1-LUMINAIRE-C_Symbol,4176.0000,1548.0000,216.0000,90
1,AGI32-IDcx4qny-Project_1-LUMINAIRE-C_Symbol,4176.0000,1908.0000,216.0000,90
1,AGI32-IDcx4qny-Project_1-LUMINAIRE-C_Symbol,4176.0000,1788.0000,216.0000,90
1,AGI32-IDcx4qny-Project_1-LUMINAIRE-C_Symbol,1776.0000,672.0000,216.0000,90
1,AGI32-IDcx4qny-Project_1-LUMINAIRE-C_Symbol,1944.0000,912.0000,216.0000,90
1,AGI32-IDcx4qny-Project_1-LUMINAIRE-C_Symbol,1776.0000,912.0000,216.0000,90
1,AGI32-IDcx4qny-Project_1-LUMINAIRE-C_Symbol,1776.0000,792.0000,216.0000,90
1,AGI32-IDcx4qny-Project_1-LUMINAIRE-C_Symbol,1944.0000,792.0000,216.0000,90
1,AGI32-IDcx4qny-Project_1-LUMINAIRE-C_Symbol,2100.0000,792.0000,216.0000,90
1,AGI32-IDcx4qny-Project_1-LUMINAIRE-C_Symbol,2100.0000,672.0000,216.0000,90
1,AGI32-IDcx4qny-Project_1-LUMINAIRE-C_Symbol,1944.0000,672.0000,216.0000,90
1,AGI32-IDcx4qny-Project_1-LUMINAIRE-C_Symbol,2100.0000,912.0000,216.0000,90
1,AGI32-IDcx4qny-Project_1-LUMINAIRE-C_Symbol,4176.0000,108.0000,216.0000,90
1,AGI32-IDcx4qny-Project_1-LUMINAIRE-C_Symbol,4056.0000,2448.0000,216.0000,90
1,AGI32-IDcx4qny-Project_1-LUMINAIRE-C_Symbol,4176.0000,348.0000,216.0000,90
1,AGI32-IDcx4qny-Project_1-LUMINAIRE-C_Symbol,4176.0000,228.0000,216.0000,90
1,AGI32-IDcx4qny-Project_1-LUMINAIRE-C_Symbol,4056.0000,2328.0000,216.0000,90
1,AGI32-IDcx4qny-Project_1-LUMINAIRE-C_Symbol,4056.0000,1968.0000,216.0000,90
1,AGI32-IDcx4qny-Project_1-LUMINAIRE-C_Symbol,4056.0000,1848.0000,216.0000,90
1,AGI32-IDcx4qny-Project_1-LUMINAIRE-C_Symbol,4056.0000,2208.0000,216.0000,90
1,AGI32-IDcx4qny-Project_1-LUMINAIRE-C_Symbol,4056.0000,2088.0000,216.0000,90
1,AGI32-IDcx4qny-Project_1-LUMINAIRE-C_Symbol,4176.0000,1188.0000,216.0000,90
1,AGI32-IDcx4qny-Project_1-LUMINAIRE-C_Symbol,4176.0000,1068.0000,216.0000,90
1,AGI32-IDcx4qny-Project_1-LUMINAIRE-C_Symbol,4176.0000,1428.0000,216.0000,90
1,AGI32-IDcx4qny-Project_1-LUMINAIRE-C_Symbol,4176.0000,1308.0000,216.0000,90
1,AGI32-IDcx4qny-Project_1-LUMINAIRE-C_Symbol,4176.0000,948.0000,216.0000,90
1,AGI32-IDcx4qny-Project_1-LUMINAIRE-C_Symbol,4176.0000,588.0000,216.0000,90
1,AGI32-IDcx4qny-Project_1-LUMINAIRE-C_Symbol,4176.0000,468.0000,216.0000,90
1,AGI32-IDcx4qny-Project_1-LUMINAIRE-C_Symbol,4176.0000,828.0000,216.0000,90
1,AGI32-IDcx4qny-Project_1-LUMINAIRE-C_Symbol,4176.0000,708.0000,216.0000,90
1,AGI32-IDcx4qny-Project_1-LUMINAIRE-C_Symbol,1452.0000,108.0000,216.0000,90
1,AGI32-IDcx4qny-Project_1-LUMINAIRE-C_Symbol,1668.0000,588.0000,216.0000,90
1,AGI32-IDcx4qny-Project_1-LUMINAIRE-C_Symbol,1668.0000,468.0000,216.0000,90
1,AGI32-IDcx4qny-Project_1-LUMINAIRE-C_Symbol,1668.0000,828.0000,216.0000,90
1,AGI32-IDcx4qny-Project_1-LUMINAIRE-C_Symbol,1668.0000,708.0000,216.0000,90
1,AGI32-IDcx4qny-Project_1-LUMINAIRE-C_Symbol,1668.0000,348.0000,216.0000,90
1,AGI32-IDcx4qny-Project_1-LUMINAIRE-C_Symbol,1452.0000,2508.0000,216.0000,90
1,AGI32-IDcx4qny-Project_1-LUMINAIRE-C_Symbol,1452.0000,2388.0000,216.0000,90
1,AGI32-IDcx4qny-Project_1-LUMINAIRE-C_Symbol,1668.0000,228.0000,216.0000,90
1,AGI32-IDcx4qny-Project_1-LUMINAIRE-C_Symbol,1668.0000,108.0000,216.0000,90
1,AGI32-IDcx4qny-Project_1-LUMINAIRE-C_Symbol,1668.0000,1668.0000,216.0000,90
1,AGI32-IDcx4qny-Project_1-LUMINAIRE-C_Symbol,1668.0000,1548.0000,216.0000,90
1,AGI32-IDcx4qny-Project_1-LUMINAIRE-C_Symbol,1668.0000,1908.0000,216.0000,90
1,AGI32-IDcx4qny-Project_1-LUMINAIRE-C_Symbol,1668.0000,1788.0000,216.0000,90
1,AGI32-IDcx4qny-Project_1-LUMINAIRE-C_Symbol,1668.0000,1428.0000,216.0000,90
1,AGI32-IDcx4qny-Project_1-LUMINAIRE-C_Symbol,1668.0000,1068.0000,216.0000,90
1,AGI32-IDcx4qny-Project_1-LUMINAIRE-C_Symbol,1668.0000,948.0000,216.0000,90
1,AGI32-IDcx4qny-Project_1-LUMINAIRE-C_Symbol,1668.0000,1308.0000,216.0000,90
1,AGI32-IDcx4qny-Project_1-LUMINAIRE-C_Symbol,1668.0000,1188.0000,216.0000,90
1,AGI32-IDcx4qny-Project_1-LUMINAIRE-C_Symbol,1452.0000,948.0000,216.0000,90
1,AGI32-IDcx4qny-Project_1-LUMINAIRE-C_Symbol,1452.0000,828.0000,216.0000,90
1,AGI32-IDcx4qny-Project_1-LUMINAIRE-C_Symbol,1452.0000,1188.0000,216.0000,90
1,AGI32-IDcx4qny-Project_1-LUMINAIRE-C_Symbol,1452.0000,1068.0000,216.0000,90
1,AGI32-IDcx4qny-Project_1-LUMINAIRE-C_Symbol,1452.0000,708.0000,216.0000,90
1,AGI32-IDcx4qny-Project_1-LUMINAIRE-C_Symbol,1452.0000,348.0000,216.0000,90
1,AGI32-IDcx4qny-Project_1-LUMINAIRE-C_Symbol,1452.0000,228.0000,216.0000,90
1,AGI32-IDcx4qny-Project_1-LUMINAIRE-C_Symbol,1452.0000,588.0000,216.0000,90
1,AGI32-IDcx4qny-Project_1-LUMINAIRE-C_Symbol,1452.0000,468.0000,216.0000,90
1,AGI32-IDcx4qny-Project_1-LUMINAIRE-C_Symbol,1452.0000,2028.0000,216.0000,90
1,AGI32-IDcx4qny-Project_1-LUMINAIRE-C_Symbol,1452.0000,1908.0000,216.0000,90
1,AGI32-IDcx4qny-Project_1-LUMINAIRE-C_Symbol,1452.0000,2268.0000,216.0000,90
1,AGI32-IDcx4qny-Project_1-LUMINAIRE-C_Symbol,1452.0000,2148.0000,216.0000,90
1,AGI32-IDcx4qny-Project_1-LUMINAIRE-C_Symbol,1452.0000,1788.0000,216.0000,90
1,AGI32-IDcx4qny-Project_1-LUMINAIRE-C_Symbol,1452.0000,1428.0000,216.0000,90
1,AGI32-IDcx4qny-Project_1-LUMINAIRE-C_Symbol,1452.0000,1308.0000,216.0000,90
1,AGI32-IDcx4qny-Project_1-LUMINAIRE-C_Symbol,1452.0000,1668.0000,216.0000,90
1,AGI32-IDcx4qny-Project_1-LUMINAIRE-C_Symbol,1452.0000,1548.0000,216.0000,90
